0.698448657989502,0.7983368635177612,-9.76836872723652e-07,0.61783766746521,0.7802630662918091,-0.03718264028429985,0.5356486439704895,0.6667496562004089,-0.04962116479873657,0.5022655725479126,0.5625215172767639,-0.06088199466466904,0.5314263701438904,0.5012924671173096,-0.0622529536485672,0.5875188112258911,0.5336865186691284,-0.009565036743879318,0.5759036540985107,0.4628714323043823,-0.06199740990996361,0.5790789723396301,0.5728962421417236,-0.08126023411750793,0.584791362285614,0.6131882667541504,-0.08627376705408096,0.650953471660614,0.5369419455528259,-0.013200178742408752,0.6341461539268494,0.47228118777275085,-0.06816677749156952,0.6333224177360535,0.6033568978309631,-0.06815695017576218,0.642653226852417,0.62211012840271,-0.05260208621621132,0.710189700126648,0.5542429685592651,-0.02778201550245285,0.697198748588562,0.5029778480529785,-0.08239825814962387,0.690363883972168,0.6212671995162964,-0.05686488002538681,0.6965131163597107,0.6378472447395325,-0.02430427260696888,0.7726573944091797,0.5760985016822815,-0.046189676970243454,0.7564932107925415,0.5328255295753479,-0.07246651500463486,0.7478035688400269,0.6158890724182129,-0.050140950828790665,0.7528650164604187,0.633849561214447,-0.02552546001970768,Open
0.7064906358718872,0.8156816363334656,-9.238534630640061e-07,0.6264586448669434,0.783218264579773,-0.03802041709423065,0.5414397120475769,0.6696498990058899,-0.052702896296978,0.503183126449585,0.5671968460083008,-0.06628474593162537,0.537555456161499,0.5050424337387085,-0.06885814666748047,0.5958360433578491,0.5321820378303528,-0.0028251546900719404,0.5806792378425598,0.4618363380432129,-0.051626045256853104,0.5838321447372437,0.5728590488433838,-0.06969402730464935,0.5915799736976624,0.6111677289009094,-0.07477574795484543,0.6578630208969116,0.5325112342834473,-0.00453035905957222,0.6373955011367798,0.4706955552101135,-0.055234361439943314,0.6358714699745178,0.602385401725769,-0.05476289987564087,0.6454787850379944,0.6199559569358826,-0.03922078013420105,0.7188187837600708,0.5461890697479248,-0.017571499571204185,0.6990015506744385,0.5003727078437805,-0.06869542598724365,0.6931316256523132,0.6231658458709717,-0.043329257518053055,0.7006920576095581,0.6402052640914917,-0.011199281550943851,0.7826197743415833,0.5670538544654846,-0.03459645435214043,0.7574448585510254,0.5311756730079651,-0.05885973200201988,0.7481006979942322,0.6175285577774048,-0.03721364587545395,0.7543932199478149,0.6345628499984741,-0.01302078366279602,Open
0.7129336595535278,0.8257127404212952,-9.121656603383599e-07,0.6305657625198364,0.7901331186294556,-0.03726200759410858,0.5434362292289734,0.6714759469032288,-0.04981228709220886,0.5028952360153198,0.5660749077796936,-0.06197822466492653,0.5368227958679199,0.5069177746772766,-0.06236259639263153,0.5946211814880371,0.5317858457565308,0.003724871901795268,0.5777580142021179,0.4612635374069214,-0.0430583655834198,0.5823483467102051,0.5755048990249634,-0.05892802029848099,0.5916026830673218,0.6064605712890625,-0.06310949474573135,0.6562858819961548,0.531025230884552,0.002070641377940774,0.6332629323005676,0.4702305197715759,-0.047900475561618805,0.6329479217529297,0.603894054889679,-0.04495951905846596,0.6452456712722778,0.6134760975837708,-0.027385689318180084,0.7179900407791138,0.5452656149864197,-0.011588353663682938,0.6965284943580627,0.500552773475647,-0.061853908002376556,0.6916564702987671,0.6250112056732178,-0.034692153334617615,0.7027532458305359,0.6353541016578674,-0.0013117629569023848,0.7821287512779236,0.5668493509292603,-0.02950870245695114,0.7559370994567871,0.5326451659202576,-0.052077703177928925,0.7462437748908997,0.6178908348083496,-0.030213704332709312,0.755547046661377,0.6303045749664307,-0.006095058750361204,Open
0.7180138826370239,0.8297954797744751,-9.184887517221796e-07,0.6309142708778381,0.7842674255371094,-0.03409631550312042,0.5437250733375549,0.665861964225769,-0.04544652998447418,0.5023511052131653,0.5623227953910828,-0.05788424611091614,0.5368778705596924,0.5028921365737915,-0.05855522304773331,0.5981859564781189,0.5344116687774658,0.008670427836477757,0.5783212780952454,0.4571508765220642,-0.03679655119776726,0.582578182220459,0.5732057094573975,-0.0525006540119648,0.5928594470024109,0.604862630367279,-0.05654775723814964,0.6597595810890198,0.5354591012001038,0.0061650024726986885,0.6353181004524231,0.4689449071884155,-0.04208359122276306,0.6342179179191589,0.6046209931373596,-0.03902727738022804,0.6484339833259583,0.6136522889137268,-0.022087110206484795,0.7202054858207703,0.5496324896812439,-0.008185690268874168,0.69825279712677,0.4925580620765686,-0.056292030960321426,0.6914758682250977,0.6182630062103271,-0.027954164892435074,0.7041614055633545,0.6326773166656494,0.005800427868962288,0.7827463150024414,0.5704428553581238,-0.026748917996883392,0.7595704793930054,0.5215800404548645,-0.0461871512234211,0.7468763589859009,0.6067417860031128,-0.021903645247220993,0.7551602721214294,0.6267623901367188,0.003499040612950921,Open
0.7204691171646118,0.8351612091064453,-9.318758884546696e-07,0.633799135684967,0.7836875319480896,-0.03353344276547432,0.5450839400291443,0.664750337600708,-0.044665537774562836,0.501969575881958,0.5611331462860107,-0.05706728994846344,0.5378159880638123,0.5010412335395813,-0.05741357058286667,0.5996718406677246,0.534735918045044,0.011868404224514961,0.5785676836967468,0.45812708139419556,-0.0332234725356102,0.5833063721656799,0.5748718976974487,-0.04916330426931381,0.5934015512466431,0.6058200001716614,-0.05330190062522888,0.6611232757568359,0.5350497961044312,0.009363057091832161,0.6365391612052917,0.4695325493812561,-0.038245756179094315,0.6355622410774231,0.6038338541984558,-0.03552624583244324,0.648131787776947,0.6116144061088562,-0.019022351130843163,0.7211794853210449,0.5490102767944336,-0.005119639914482832,0.6982460618019104,0.49242568016052246,-0.052499499171972275,0.6914065480232239,0.6166102886199951,-0.02454085275530815,0.7027785778045654,0.6302340626716614,0.008796882815659046,0.7829552888870239,0.5698919296264648,-0.02380482666194439,0.7585623264312744,0.5208223462104797,-0.041925765573978424,0.7455868721008301,0.6062756180763245,-0.01716258004307747,0.753143310546875,0.6268006563186646,0.008358132094144821,Open
0.7199298143386841,0.8398696780204773,-9.217597494171059e-07,0.6353586912155151,0.7874674201011658,-0.03561568260192871,0.5481830835342407,0.6631869673728943,-0.04729907959699631,0.5040820240974426,0.5603598952293396,-0.05987029895186424,0.5377131700515747,0.4997027516365051,-0.06008768081665039,0.5986767411231995,0.5272477269172668,0.013283099047839642,0.5807802677154541,0.45505490899086,-0.03340388461947441,0.5841000080108643,0.5732130408287048,-0.05085284635424614,0.593940019607544,0.6031332612037659,-0.05616312474012375,0.6597594618797302,0.528044581413269,0.010918764397501945,0.6367498636245728,0.46543610095977783,-0.039081547409296036,0.6333771347999573,0.6020156145095825,-0.037642449140548706,0.6467344164848328,0.6075500845909119,-0.02141254022717476,0.7202690243721008,0.5447585582733154,-0.004042148590087891,0.7008724808692932,0.4910229444503784,-0.05335003137588501,0.6916946172714233,0.6174976825714111,-0.025730924680829048,0.7032889127731323,0.6287380456924438,0.007800514809787273,0.7824304699897766,0.5678548812866211,-0.02354985661804676,0.7608941793441772,0.5240238904953003,-0.04318997263908386,0.745481550693512,0.6102591156959534,-0.019498750567436218,0.7521052360534668,0.6270282864570618,0.005556873977184296,Open
0.7205280065536499,0.8421555161476135,-9.259833859687205e-07,0.6363316178321838,0.7865713238716125,-0.035627491772174835,0.5492401123046875,0.6629583239555359,-0.047574952244758606,0.5043619871139526,0.5595952868461609,-0.06067642197012901,0.5387147665023804,0.49714580178260803,-0.06152478978037834,0.5988278388977051,0.5274562239646912,0.014618227258324623,0.5804513692855835,0.4537622332572937,-0.03229910880327225,0.5842625498771667,0.5717663764953613,-0.050352126359939575,0.5944071412086487,0.6039348244667053,-0.05576898157596588,0.6597859859466553,0.5279649496078491,0.012512450106441975,0.6364935040473938,0.4645851254463196,-0.037442367523908615,0.6341308355331421,0.6001856923103333,-0.03632861003279686,0.6469106674194336,0.6091628670692444,-0.020226597785949707,0.7201159000396729,0.5445722937583923,-0.002297356491908431,0.6999670267105103,0.49072495102882385,-0.05216328054666519,0.6921061873435974,0.6172012686729431,-0.025077372789382935,0.7030843496322632,0.6328116655349731,0.00854345690459013,0.7819972038269043,0.5681940317153931,-0.021550830453634262,0.7594035863876343,0.5226333141326904,-0.0413643904030323,0.7449586391448975,0.6089510917663574,-0.017596902325749397,0.7510126829147339,0.6286256909370422,0.007741632871329784,Open
0.719741702079773,0.8348780274391174,-9.354048984278052e-07,0.6295363306999207,0.7777438759803772,-0.03170577064156532,0.542862057685852,0.6570533514022827,-0.04317381978034973,0.5014081597328186,0.5533419847488403,-0.056548379361629486,0.5388234257698059,0.4968181550502777,-0.05869140103459358,0.5962698459625244,0.5218481421470642,0.014119678176939487,0.577942430973053,0.44808530807495117,-0.03232607990503311,0.5811833143234253,0.5657709240913391,-0.050856560468673706,0.5902961492538452,0.6017248034477234,-0.056576378643512726,0.658750593662262,0.525171160697937,0.009989146143198013,0.634780764579773,0.4604833126068115,-0.03968163952231407,0.6327902674674988,0.5964270234107971,-0.039564162492752075,0.6452529430389404,0.6120305061340332,-0.024511178955435753,0.7196429371833801,0.542486310005188,-0.00597400264814496,0.6988173723220825,0.485725462436676,-0.055294908583164215,0.6906318068504333,0.6135447025299072,-0.028548238798975945,0.7002813220024109,0.6351442933082581,0.004692798014730215,0.7815601825714111,0.5672035813331604,-0.025861181318759918,0.758380651473999,0.5174919366836548,-0.04474576562643051,0.7444555759429932,0.6045424938201904,-0.019764894619584084,0.7496628761291504,0.6278857588768005,0.006205737590789795,Open
0.7198394536972046,0.8359115123748779,-9.492036951996852e-07,0.6309542655944824,0.7766469717025757,-0.030492382124066353,0.5443271994590759,0.6565217971801758,-0.04092990607023239,0.5030090808868408,0.55370032787323,-0.05352502688765526,0.5381014347076416,0.4948312044143677,-0.05488558113574982,0.5969376564025879,0.5225936770439148,0.01569945178925991,0.5769315958023071,0.44905880093574524,-0.030100641772150993,0.5807603597640991,0.5655413269996643,-0.04829765856266022,0.5905571579933167,0.5998064875602722,-0.053780507296323776,0.65887051820755,0.5257420539855957,0.011108243837952614,0.634916365146637,0.45961207151412964,-0.03826221451163292,0.6330804824829102,0.5949156284332275,-0.038363274186849594,0.6459651589393616,0.6093798279762268,-0.02326834574341774,0.719557523727417,0.5427033305168152,-0.005158530548214912,0.698905885219574,0.48524904251098633,-0.054493531584739685,0.6905031800270081,0.6122806668281555,-0.028270907700061798,0.7005940079689026,0.6326636075973511,0.0048646992072463036,0.7814812660217285,0.567166805267334,-0.02523176744580269,0.7594495415687561,0.5156494975090027,-0.04422706365585327,0.7447686195373535,0.6026772260665894,-0.01936955377459526,0.7497774958610535,0.6262733936309814,0.006745367310941219,Open
0.718210756778717,0.8306942582130432,-9.210842222273641e-07,0.6288055181503296,0.7732946872711182,-0.02997400611639023,0.5443044900894165,0.6514866948127747,-0.040510665625333786,0.5040793418884277,0.5471261739730835,-0.0534917414188385,0.5379874110221863,0.49170082807540894,-0.05490586534142494,0.5957179665565491,0.5169877409934998,0.017436668276786804,0.5806299448013306,0.4425877034664154,-0.027922453358769417,0.5837435722351074,0.5585324764251709,-0.04562147706747055,0.5915172696113586,0.5915432572364807,-0.050876684486866,0.6573468446731567,0.520148754119873,0.012911657802760601,0.6367246508598328,0.45679301023483276,-0.0354255735874176,0.6340363621711731,0.5892001390457153,-0.03523628041148186,0.6438655853271484,0.5970181822776794,-0.020386939868330956,0.7181746959686279,0.5366809964179993,-0.0034258770756423473,0.7004184126853943,0.4792267680168152,-0.05031861364841461,0.6917709708213806,0.6006341576576233,-0.024303046986460686,0.6998296976089478,0.6138850450515747,0.0075815035961568356,0.7800583243370056,0.5598383545875549,-0.023772846907377243,0.7615330219268799,0.5087622404098511,-0.040877144783735275,0.7471301555633545,0.5902515053749084,-0.01678246445953846,0.7518343925476074,0.6084380745887756,0.008156643249094486,Open
0.7194593548774719,0.8289151787757874,-9.347573382001428e-07,0.6307751536369324,0.7734082937240601,-0.03100183792412281,0.5448492765426636,0.6518326997756958,-0.04095945879817009,0.5049129128456116,0.5451174974441528,-0.0530722476541996,0.5383856892585754,0.4894612729549408,-0.053490396589040756,0.5935815572738647,0.5183303356170654,0.017371678724884987,0.579420268535614,0.44296547770500183,-0.028384365141391754,0.5842161178588867,0.5591669082641602,-0.04624851420521736,0.5916939377784729,0.590045154094696,-0.05171430855989456,0.655669093132019,0.5209364891052246,0.013325813226401806,0.6362025737762451,0.45679885149002075,-0.0356019102036953,0.6347598433494568,0.5891794562339783,-0.035757530480623245,0.6430697441101074,0.5957156419754028,-0.02119308151304722,0.7167097330093384,0.5365020036697388,-0.0027470861095935106,0.6997848153114319,0.4780553877353668,-0.05085921287536621,0.6918683052062988,0.6004554033279419,-0.02530500292778015,0.6984761357307434,0.6132177710533142,0.006478977855294943,0.7786675095558167,0.5583480596542358,-0.022864215075969696,0.7605994343757629,0.5083842277526855,-0.041058499366045,0.7472946643829346,0.5910598635673523,-0.017618665471673012,0.7514349222183228,0.6088422536849976,0.006931548472493887,Open
0.7216357588768005,0.8206808567047119,-9.323083531853626e-07,0.6332564949989319,0.7667874693870544,-0.033126648515462875,0.5465720891952515,0.6469520330429077,-0.04358217492699623,0.505928099155426,0.5421614646911621,-0.05534816533327103,0.5394817590713501,0.48463544249534607,-0.05467884615063667,0.595450222492218,0.510270357131958,0.015695704147219658,0.5810741782188416,0.43674540519714355,-0.029946831986308098,0.5873078107833862,0.5558760762214661,-0.04668224975466728,0.5947161912918091,0.5811242461204529,-0.051753636449575424,0.657952606678009,0.5121172070503235,0.012664319016039371,0.6388610601425171,0.4509013295173645,-0.03738493472337723,0.6375746130943298,0.5876113176345825,-0.03683597221970558,0.6454603672027588,0.5874141454696655,-0.021451443433761597,0.7187103033065796,0.5272982716560364,-0.002575821476057172,0.7023270726203918,0.4736577272415161,-0.05132981017231941,0.6941782832145691,0.5987292528152466,-0.024967122822999954,0.7020958065986633,0.6032918095588684,0.007258507888764143,0.7804973125457764,0.5480032563209534,-0.02200978994369507,0.7616811990737915,0.5075122714042664,-0.03989548981189728,0.7479366660118103,0.5926401019096375,-0.01615678146481514,0.7532163858413696,0.6039358973503113,0.008507589809596539,Open
0.7234916687011719,0.8195944428443909,-9.501280260337808e-07,0.6338667869567871,0.7695486545562744,-0.03332767263054848,0.5446853637695312,0.6487284898757935,-0.0424887016415596,0.5055371522903442,0.5406884551048279,-0.052730828523635864,0.5387729406356812,0.48151102662086487,-0.05046917125582695,0.5935006737709045,0.5118731260299683,0.015646852552890778,0.5793341398239136,0.4378037452697754,-0.02919371798634529,0.585715651512146,0.5571495294570923,-0.04521862417459488,0.5935851335525513,0.5824167728424072,-0.050070639699697495,0.6564414501190186,0.5126597881317139,0.012841366231441498,0.6383393406867981,0.45058128237724304,-0.03673633188009262,0.6371843218803406,0.586646556854248,-0.0362900048494339,0.6450440287590027,0.5870944857597351,-0.021274903789162636,0.7171482443809509,0.5267963409423828,-0.00213639996945858,0.7021527290344238,0.4731539487838745,-0.05096253752708435,0.6936699748039246,0.5982879996299744,-0.02517184428870678,0.7005882859230042,0.6032668948173523,0.006479742005467415,0.7792423963546753,0.5463377833366394,-0.02133120968937874,0.7617816925048828,0.5055625438690186,-0.039884984493255615,0.7478646636009216,0.5912581086158752,-0.017019163817167282,0.7520875334739685,0.6034534573554993,0.006873223930597305,Open
0.7174457311630249,0.8186628222465515,-9.475118645241309e-07,0.6310799717903137,0.7603141069412231,-0.030941782519221306,0.5485191941261292,0.6401633024215698,-0.04255146160721779,0.5106804370880127,0.5367492437362671,-0.05574256181716919,0.543712317943573,0.4790321886539459,-0.057243138551712036,0.6041582822799683,0.5016603469848633,0.011626716703176498,0.5861086845397949,0.43173331022262573,-0.03503920137882233,0.5893881320953369,0.551007866859436,-0.0533486045897007,0.5983789563179016,0.5791017413139343,-0.059680383652448654,0.6657332181930542,0.5044732689857483,0.0071288519538939,0.641511857509613,0.44418197870254517,-0.042864907532930374,0.6381072998046875,0.5802386999130249,-0.04250386729836464,0.651505708694458,0.5834490656852722,-0.027834124863147736,0.7256274223327637,0.5218824148178101,-0.008871401660144329,0.7052863836288452,0.467896968126297,-0.056493181735277176,0.6943264007568359,0.5918152332305908,-0.02930983528494835,0.7062305212020874,0.5996521711349487,0.0029514608904719353,0.7863038778305054,0.5450946688652039,-0.028989072889089584,0.7647927403450012,0.5024662613868713,-0.04661047086119652,0.7480958700180054,0.5859014987945557,-0.02240852639079094,0.7559435963630676,0.5987217426300049,0.0024185271468013525,Open
0.71820068359375,0.8212247490882874,-9.486371368438995e-07,0.6335053443908691,0.7668960690498352,-0.03372612223029137,0.5491052269935608,0.6438740491867065,-0.04543758183717728,0.509193480014801,0.5392479300498962,-0.058406759053468704,0.5441515445709229,0.4802260994911194,-0.059349387884140015,0.6032388210296631,0.5041923522949219,0.011510733515024185,0.5843569040298462,0.43580934405326843,-0.034599196165800095,0.585608184337616,0.5529510974884033,-0.05188097804784775,0.5957003235816956,0.5819858908653259,-0.057643260806798935,0.6640572547912598,0.505297064781189,0.008673980832099915,0.6407718062400818,0.44524502754211426,-0.040055520832538605,0.6360998749732971,0.5810927152633667,-0.037334516644477844,0.6499654054641724,0.5872151851654053,-0.021150877699255943,0.724344789981842,0.5229435563087463,-0.006361161358654499,0.7053043246269226,0.46854081749916077,-0.05430755019187927,0.6935684084892273,0.5919647216796875,-0.02638113871216774,0.7051601409912109,0.6035023927688599,0.006481412332504988,0.7856471538543701,0.5490390658378601,-0.025826312601566315,0.7639377117156982,0.5033201575279236,-0.045665498822927475,0.7468432188034058,0.585564136505127,-0.0229038018733263,0.753264307975769,0.6019572615623474,0.0011626313207671046,Open
0.7194904088973999,0.8169601559638977,-9.423484357284906e-07,0.6349470615386963,0.7633392810821533,-0.034047260880470276,0.5510393381118774,0.6394578814506531,-0.04638111591339111,0.5115365982055664,0.5351029634475708,-0.059971995651721954,0.5445632934570312,0.4742501378059387,-0.06111341714859009,0.604773998260498,0.5004996061325073,0.011407836340367794,0.5876583456993103,0.42994678020477295,-0.036413803696632385,0.5898565649986267,0.549424409866333,-0.05426778271794319,0.5988444089889526,0.5773040652275085,-0.05997775122523308,0.6656403541564941,0.5020064115524292,0.008378439582884312,0.6432026624679565,0.443077027797699,-0.04219995439052582,0.6390834450721741,0.5805172324180603,-0.04028301686048508,0.6514381170272827,0.5814924240112305,-0.02413499541580677,0.7262471318244934,0.5189858675003052,-0.006970113608986139,0.7078412175178528,0.4663368761539459,-0.05509252846240997,0.6976741552352905,0.5901349186897278,-0.025947624817490578,0.7094367742538452,0.595463752746582,0.007661507464945316,0.7874413728713989,0.5431605577468872,-0.026893269270658493,0.7666436433792114,0.5009756684303284,-0.04524686932563782,0.7511132955551147,0.58478844165802,-0.020807534456253052,0.7589593529701233,0.5973448157310486,0.004328358918428421,Open
0.7203620672225952,0.8183579444885254,-9.351225571663235e-07,0.6342038512229919,0.7649542689323425,-0.035864174365997314,0.550269603729248,0.6407707929611206,-0.04789801687002182,0.5103191137313843,0.5368170738220215,-0.06073840707540512,0.5427152514457703,0.47648754715919495,-0.06065962091088295,0.6041322946548462,0.5005890727043152,0.01309557817876339,0.5876309275627136,0.430500328540802,-0.0342910960316658,0.5895331501960754,0.549881100654602,-0.052403565496206284,0.598288893699646,0.5789651870727539,-0.058310508728027344,0.6647928357124329,0.5012509822845459,0.011167960241436958,0.6439647078514099,0.4410960078239441,-0.039128486067056656,0.6398859620094299,0.5792220234870911,-0.037624239921569824,0.6523107886314392,0.5813533663749695,-0.021616248413920403,0.725197434425354,0.5184770822525024,-0.0034843331668525934,0.7092555165290833,0.4649145305156708,-0.051382649689912796,0.6985914707183838,0.5878070592880249,-0.023212414234876633,0.7099277973175049,0.5932838320732117,0.009813060984015465,0.7862639427185059,0.5432393550872803,-0.02293454483151436,0.7674099802970886,0.5010876655578613,-0.04104467108845711,0.7509454488754272,0.5839856863021851,-0.01735878363251686,0.7578179240226746,0.5959415435791016,0.007205513771623373,Open
0.7199479937553406,0.818396806716919,-9.366046356262814e-07,0.6324207782745361,0.7621625065803528,-0.03166600316762924,0.5485037565231323,0.64109867811203,-0.04208630695939064,0.5109487771987915,0.5370883941650391,-0.05428412929177284,0.5442928671836853,0.47671931982040405,-0.05449436604976654,0.6031471490859985,0.5022256374359131,0.015532725490629673,0.585558295249939,0.4326586127281189,-0.029476778581738472,0.586696445941925,0.5503632426261902,-0.046950459480285645,0.5958639979362488,0.5775902271270752,-0.05283347889780998,0.663899302482605,0.5041843056678772,0.012238663621246815,0.6421524286270142,0.4425507187843323,-0.036073680967092514,0.6356252431869507,0.5776912569999695,-0.0352080874145031,0.6472571492195129,0.5814746618270874,-0.020321451127529144,0.723482608795166,0.5213224291801453,-0.0029447113629430532,0.7062031626701355,0.46298399567604065,-0.049675337970256805,0.6937279105186462,0.5857813954353333,-0.022259073331952095,0.7048737406730652,0.5959581136703491,0.010119850747287273,0.7837904691696167,0.5460423827171326,-0.022402646020054817,0.7655653953552246,0.496205598115921,-0.040270257741212845,0.7482799291610718,0.5789839029312134,-0.016343967989087105,0.7549483180046082,0.5959309339523315,0.008475059643387794,Open
0.7199774980545044,0.8178132772445679,-9.348456728730525e-07,0.6324357986450195,0.7612106204032898,-0.03133254125714302,0.5485515594482422,0.6404468417167664,-0.04173582047224045,0.5108624696731567,0.5368480682373047,-0.05395518243312836,0.5444221496582031,0.476124107837677,-0.05437963828444481,0.6036072969436646,0.5021079778671265,0.015895642340183258,0.5856620669364929,0.4324362277984619,-0.029043497517704964,0.5867400765419006,0.5502024292945862,-0.046775657683610916,0.5960394740104675,0.5781404376029968,-0.05281137675046921,0.6643409729003906,0.5042149424552917,0.012418389320373535,0.6419086456298828,0.44220131635665894,-0.03579966723918915,0.6355893015861511,0.5774065256118774,-0.03520189970731735,0.6478099226951599,0.5825348496437073,-0.020460501313209534,0.7237943410873413,0.5216867923736572,-0.002891790820285678,0.7057870626449585,0.463132381439209,-0.049566395580768585,0.6934875845909119,0.5861031413078308,-0.022437166422605515,0.7049745917320251,0.5972667932510376,0.00981142744421959,0.7840738296508789,0.5467727780342102,-0.022397758439183235,0.7649282217025757,0.4969368278980255,-0.040367819368839264,0.7477322220802307,0.5801115036010742,-0.016510697081685066,0.7547189593315125,0.5976656079292297,0.008319001644849777,Open
0.7190346717834473,0.8216457962989807,-9.17677539291617e-07,0.6322279572486877,0.7640326023101807,-0.0332951620221138,0.5481531023979187,0.6407532691955566,-0.04395527392625809,0.5082797408103943,0.5371333956718445,-0.05629796162247658,0.5425764918327332,0.4796360731124878,-0.056294362992048264,0.5993677973747253,0.5061122179031372,0.01760692149400711,0.5842649936676025,0.43419161438941956,-0.02810533344745636,0.585542619228363,0.5522019863128662,-0.046200189739465714,0.5929115414619446,0.581541121006012,-0.052249304950237274,0.6604197025299072,0.5073004364967346,0.014918051660060883,0.6412655711174011,0.4449619650840759,-0.033424168825149536,0.6355604529380798,0.5796743631362915,-0.03277767449617386,0.6454133987426758,0.5832367539405823,-0.017998507246375084,0.7206396460533142,0.5244898200035095,-0.00025962639483623207,0.7061094641685486,0.4656370282173157,-0.046951696276664734,0.6941735744476318,0.5882282853126526,-0.019916735589504242,0.7031572461128235,0.5989676713943481,0.012167247012257576,0.7817746996879578,0.549423098564148,-0.019996412098407745,0.7657637000083923,0.5006415843963623,-0.037634626030921936,0.7488545775413513,0.5830196738243103,-0.01419920939952135,0.7535404562950134,0.599769651889801,0.010081803426146507,Open
0.7216344475746155,0.820787250995636,-9.155004931926669e-07,0.6329408288002014,0.7617647051811218,-0.031124381348490715,0.5482015609741211,0.6409205794334412,-0.041817743331193924,0.5086143016815186,0.5387362837791443,-0.054608482867479324,0.5420585870742798,0.47971946001052856,-0.055420391261577606,0.600651204586029,0.505468487739563,0.018419964239001274,0.5837182402610779,0.43333300948143005,-0.027565106749534607,0.5860615968704224,0.5501439571380615,-0.04628155380487442,0.593843400478363,0.5814656019210815,-0.052367422729730606,0.6615355014801025,0.5070047974586487,0.014637552201747894,0.640336811542511,0.44444650411605835,-0.0339270755648613,0.6366850733757019,0.5778236389160156,-0.033980172127485275,0.6471813917160034,0.583893358707428,-0.019413303583860397,0.7216479778289795,0.5238156914710999,-0.0013132975436747074,0.7045594453811646,0.46618378162384033,-0.04806394875049591,0.6947698593139648,0.5881325006484985,-0.021676095202565193,0.7045125961303711,0.5999783873558044,0.01024236436933279,0.7829897403717041,0.5479971766471863,-0.02150038257241249,0.7635025978088379,0.5013595223426819,-0.03860986605286598,0.7485947608947754,0.5836431980133057,-0.014768345281481743,0.7550421357154846,0.599606990814209,0.00994085893034935,Open
0.7216496467590332,0.8224504590034485,-8.991470394903445e-07,0.6344720125198364,0.7636235952377319,-0.03406866639852524,0.5502564907073975,0.6419322490692139,-0.04530170559883118,0.5091344118118286,0.540347695350647,-0.05847126245498657,0.543884813785553,0.4783472716808319,-0.05962371453642845,0.600709855556488,0.5090264081954956,0.018542088568210602,0.5834512710571289,0.4343562722206116,-0.028864730149507523,0.5859749913215637,0.5507282018661499,-0.04835546761751175,0.5936329960823059,0.5831320285797119,-0.05452847108244896,0.6620105504989624,0.5076708197593689,0.015740685164928436,0.641960084438324,0.4408596158027649,-0.03512727841734886,0.6380406022071838,0.5737106800079346,-0.03641754016280174,0.6476988196372986,0.5832705497741699,-0.021688519045710564,0.7225642800331116,0.5245495438575745,0.0002566223556641489,0.7068267464637756,0.46679019927978516,-0.04889928549528122,0.6965994834899902,0.5879091024398804,-0.02400599792599678,0.7040629386901855,0.6023299098014832,0.008051605895161629,0.7843926548957825,0.5501911640167236,-0.01967141591012478,0.7667728662490845,0.5018539428710938,-0.03823166340589523,0.7508351802825928,0.5837628841400146,-0.015487093478441238,0.7543251514434814,0.6024953126907349,0.008940009400248528,Open
0.721743106842041,0.8240337371826172,-8.979274639386858e-07,0.6343566179275513,0.7643161416053772,-0.03383520245552063,0.5498726963996887,0.6417800784111023,-0.04474693164229393,0.5090385675430298,0.5402129888534546,-0.05754825845360756,0.5436499118804932,0.47855329513549805,-0.05821916460990906,0.6002408266067505,0.5094099044799805,0.01874776929616928,0.5839182138442993,0.4347553253173828,-0.027812879532575607,0.5867138504981995,0.5513041615486145,-0.04677020013332367,0.594306468963623,0.5826770663261414,-0.05288568139076233,0.6616329550743103,0.5082523822784424,0.015981491655111313,0.6423154473304749,0.4420854449272156,-0.03436512500047684,0.6387661099433899,0.5753220915794373,-0.03539939597249031,0.6485349535942078,0.5838942527770996,-0.020704705268144608,0.7223011255264282,0.5249934792518616,0.000616112258285284,0.7074680328369141,0.4676149785518646,-0.04776293411850929,0.6973534822463989,0.5886414647102356,-0.022669820114970207,0.704806387424469,0.6018965840339661,0.009157718159258366,0.7841052412986755,0.5502650737762451,-0.01921718567609787,0.7674689292907715,0.5026072859764099,-0.03712763264775276,0.7513924837112427,0.5840439796447754,-0.014333377592265606,0.7546814680099487,0.6015521287918091,0.009859682992100716,Open
0.7209644317626953,0.8250492811203003,-9.301067507294647e-07,0.6349688172340393,0.7679774761199951,-0.03349803760647774,0.5513166785240173,0.6456682085990906,-0.044686462730169296,0.5118081569671631,0.5423034429550171,-0.05740581452846527,0.5447214245796204,0.47836363315582275,-0.057439759373664856,0.6028904318809509,0.507239818572998,0.01620781421661377,0.5857574939727783,0.4365617036819458,-0.030156226828694344,0.5886285305023193,0.5553105473518372,-0.048273634165525436,0.5965943932533264,0.5801393985748291,-0.0545014888048172,0.6641283631324768,0.5076654553413391,0.01318418886512518,0.6432833671569824,0.4459284245967865,-0.036504682153463364,0.638507068157196,0.5815463066101074,-0.03595216944813728,0.6489436626434326,0.5820063352584839,-0.02085162326693535,0.7242051362991333,0.5250256061553955,-0.002240078756585717,0.707335889339447,0.47119084000587463,-0.049389809370040894,0.6958662271499634,0.5939292311668396,-0.021931059658527374,0.7059873342514038,0.5994784832000732,0.010516667738556862,0.784777820110321,0.5495017170906067,-0.022272033616900444,0.7658651471138,0.5081402063369751,-0.03957684710621834,0.7499629855155945,0.5896314978599548,-0.0159764401614666,0.7572495937347412,0.6006184816360474,0.008448798209428787,Open
0.7207260131835938,0.8254537582397461,-9.359106911688286e-07,0.634035050868988,0.7701186537742615,-0.03342577442526817,0.5496605634689331,0.6469560265541077,-0.044255249202251434,0.5111677646636963,0.5408927202224731,-0.056607287377119064,0.5462238788604736,0.4785948693752289,-0.05611577257514,0.6011155843734741,0.5081815719604492,0.01587100699543953,0.5865001678466797,0.43620890378952026,-0.03071414679288864,0.589252233505249,0.5555906891822815,-0.04857560247182846,0.5962856411933899,0.5809131264686584,-0.054648298770189285,0.6625741124153137,0.5090212225914001,0.012916376814246178,0.6434917449951172,0.44684937596321106,-0.03647167608141899,0.6389086246490479,0.5832027196884155,-0.035274624824523926,0.6478984355926514,0.5835328698158264,-0.019948303699493408,0.7231561541557312,0.526109516620636,-0.0025154182221740484,0.7078429460525513,0.4704445004463196,-0.04942305386066437,0.6969745755195618,0.5938378572463989,-0.02148267813026905,0.7060998678207397,0.5999786853790283,0.01099633052945137,0.7846726179122925,0.5504315495491028,-0.02258380316197872,0.7670729756355286,0.5089302062988281,-0.04023077338933945,0.7519122958183289,0.5902798175811768,-0.017034772783517838,0.7585482597351074,0.6010931730270386,0.006964642088860273,Open
0.7250354886054993,0.8255524039268494,-9.312768725067144e-07,0.6371936202049255,0.7721648812294006,-0.03381812199950218,0.5512331128120422,0.647461473941803,-0.04397616535425186,0.5108097791671753,0.5405699610710144,-0.05582123249769211,0.5444244742393494,0.4763393998146057,-0.054630424827337265,0.600078284740448,0.5164511203765869,0.018484454602003098,0.5866225361824036,0.4337748885154724,-0.02791176736354828,0.5904704332351685,0.5520084500312805,-0.04462715983390808,0.596977710723877,0.5833982229232788,-0.04880485683679581,0.6617546081542969,0.5166333317756653,0.01610683649778366,0.6450123190879822,0.4484747648239136,-0.03334744647145271,0.6423977613449097,0.5833353996276855,-0.03230777755379677,0.6477800607681274,0.5867392420768738,-0.01636314205825329,0.722245991230011,0.5313054323196411,0.0009423875599168241,0.708055317401886,0.47341251373291016,-0.047131191939115524,0.699905514717102,0.5954475402832031,-0.020663483068346977,0.7045257091522217,0.6037136316299438,0.011678101494908333,0.7845864295959473,0.5527054667472839,-0.018681496381759644,0.7697167992591858,0.5049643516540527,-0.03684503957629204,0.755252480506897,0.5882608294487,-0.01374965813010931,0.7566882967948914,0.604413628578186,0.010596178472042084,Open
0.7241400480270386,0.8277744650840759,-9.300446208726498e-07,0.6379007697105408,0.7702551484107971,-0.03319690376520157,0.5534018278121948,0.6474078297615051,-0.04432506114244461,0.5126012563705444,0.5431301593780518,-0.057408254593610764,0.543956995010376,0.47670799493789673,-0.057810865342617035,0.6033614873886108,0.5145846009254456,0.018879424780607224,0.5871374607086182,0.43427127599716187,-0.028401097282767296,0.5915814638137817,0.5514076948165894,-0.04667289927601814,0.5993829369544983,0.5845987200737,-0.05174706503748894,0.6641270518302917,0.5148635506629944,0.015621965751051903,0.6458781957626343,0.4482598602771759,-0.03458463028073311,0.6433969140052795,0.5810606479644775,-0.03514796122908592,0.6498711705207825,0.5853284001350403,-0.020295020192861557,0.7237351536750793,0.5305323600769043,-0.0003404581220820546,0.7082265019416809,0.47491133213043213,-0.04867763817310333,0.6996155977249146,0.595227837562561,-0.023156650364398956,0.704713761806488,0.6034579873085022,0.008583358488976955,0.7848358154296875,0.5530617833137512,-0.020719222724437714,0.7684890031814575,0.505068838596344,-0.03863263502717018,0.7541863322257996,0.5870976448059082,-0.015329615212976933,0.7570112943649292,0.6028633117675781,0.009154126048088074,Open
0.7186955809593201,0.83310467004776,-9.440851727049449e-07,0.6368311047554016,0.7690747380256653,-0.03218924626708031,0.5533939003944397,0.6447523832321167,-0.04313341900706291,0.5120497345924377,0.5404907464981079,-0.05631215125322342,0.5458060503005981,0.4769376516342163,-0.0563005730509758,0.6087735295295715,0.5105595588684082,0.019582681357860565,0.5886648893356323,0.43397143483161926,-0.02789190784096718,0.5917655229568481,0.5536446571350098,-0.04568305239081383,0.6004066467285156,0.5763273239135742,-0.05069594830274582,0.6677607297897339,0.514190137386322,0.01663202792406082,0.6450870633125305,0.449442058801651,-0.03315334767103195,0.6396507620811462,0.5877795219421387,-0.03108595311641693,0.6500053405761719,0.5829305648803711,-0.014306130819022655,0.7261179685592651,0.5310768485069275,0.0008649948285892606,0.706358790397644,0.474434494972229,-0.04711025208234787,0.6950774788856506,0.6003860235214233,-0.018246445804834366,0.7078043818473816,0.6038843393325806,0.016221633180975914,0.7847660779953003,0.5527666807174683,-0.019355054944753647,0.7647948265075684,0.5040534734725952,-0.03542421758174896,0.7485275864601135,0.588005781173706,-0.009514469653367996,0.7580451369285583,0.6016970872879028,0.017132481560111046,Open
0.7217643857002258,0.8294630646705627,-9.285305964112922e-07,0.6371644139289856,0.7676412463188171,-0.034499481320381165,0.553199827671051,0.6457761526107788,-0.046190422028303146,0.5123632550239563,0.539155125617981,-0.05959588289260864,0.5469563603401184,0.4775539040565491,-0.05999976769089699,0.6053833365440369,0.5115848183631897,0.017095394432544708,0.5894056558609009,0.4336661100387573,-0.03009137324988842,0.5912059545516968,0.5525967478752136,-0.04715628921985626,0.5991825461387634,0.5763595700263977,-0.05187007412314415,0.6656723022460938,0.5148365497589111,0.0151827996596694,0.6461355686187744,0.44876378774642944,-0.03498226776719093,0.6393816471099854,0.5875152945518494,-0.032593514770269394,0.6497547030448914,0.5864238142967224,-0.015518823638558388,0.7253633737564087,0.5309628248214722,0.0003369577170815319,0.7086763381958008,0.4722835421562195,-0.049087002873420715,0.6967331767082214,0.5995377898216248,-0.020635653287172318,0.7091928124427795,0.6075026392936707,0.013914445415139198,0.7857300043106079,0.5532969832420349,-0.01901637203991413,0.7665567398071289,0.5071269273757935,-0.03716731071472168,0.750819206237793,0.5911750793457031,-0.012575949542224407,0.7602218389511108,0.6062016487121582,0.013436833396553993,Open
0.7189327478408813,0.8306765556335449,-9.091949095818563e-07,0.6348512768745422,0.7651174664497375,-0.03336752578616142,0.5525298714637756,0.6416272521018982,-0.04519271478056908,0.5112612247467041,0.5386174917221069,-0.05922209843993187,0.5462626814842224,0.474920392036438,-0.060596760362386703,0.6073563694953918,0.5116804242134094,0.01758398301899433,0.5883610248565674,0.4332889914512634,-0.027917934581637383,0.5922334790229797,0.5506905317306519,-0.04437192901968956,0.6022090315818787,0.5774462819099426,-0.04878592863678932,0.6674376130104065,0.5148129463195801,0.015136314556002617,0.6454135179519653,0.44712212681770325,-0.0334390327334404,0.6416392922401428,0.583016037940979,-0.030738018453121185,0.6534926891326904,0.5879559516906738,-0.01374085620045662,0.7265973687171936,0.5329990983009338,5.5242278904188424e-05,0.7081449627876282,0.47320887446403503,-0.04805286228656769,0.6986724734306335,0.598181962966919,-0.01960272341966629,0.7106927633285522,0.6129663586616516,0.014880040660500526,0.7869139909744263,0.55787193775177,-0.019393078982830048,0.7683534026145935,0.5032384991645813,-0.037017613649368286,0.7519662380218506,0.5848546624183655,-0.012104303576052189,0.758652925491333,0.606108546257019,0.014055301435291767,Open
0.720300555229187,0.831579864025116,-9.030341061588842e-07,0.6361560225486755,0.7643007636070251,-0.03325255587697029,0.5528741478919983,0.6401674151420593,-0.044665005058050156,0.5109810829162598,0.5369040369987488,-0.058243971318006516,0.546880841255188,0.4746367931365967,-0.05923306196928024,0.6075974106788635,0.5102329850196838,0.018434954807162285,0.588000476360321,0.43417829275131226,-0.026010209694504738,0.5913287997245789,0.5516512989997864,-0.0422406829893589,0.6018961668014526,0.5764310956001282,-0.04700593650341034,0.6677467226982117,0.5130810141563416,0.016108913347125053,0.6455953121185303,0.44627559185028076,-0.03179444372653961,0.6406986117362976,0.5824334025382996,-0.0289705079048872,0.6536043882369995,0.5873903036117554,-0.012058479711413383,0.727328360080719,0.531907856464386,0.0012023384915664792,0.7091373801231384,0.47238633036613464,-0.0460444912314415,0.6982802152633667,0.5971446633338928,-0.01755395159125328,0.7110952734947205,0.6116491556167603,0.016725879162549973,0.7878279685974121,0.5581197738647461,-0.01813490130007267,0.7688971757888794,0.5051066875457764,-0.035062432289123535,0.7516216039657593,0.5860112309455872,-0.01027928851544857,0.7588085532188416,0.6063727736473083,0.015552733093500137,Open
0.7200018167495728,0.8219199180603027,-9.277538310925593e-07,0.6338945031166077,0.7614237070083618,-0.03167591243982315,0.5515851378440857,0.6387884616851807,-0.04273006319999695,0.5130411982536316,0.5352452993392944,-0.055999018251895905,0.5465639233589172,0.4758998155593872,-0.05726169794797897,0.6067280769348145,0.5045446753501892,0.01705474965274334,0.5893926024436951,0.43000656366348267,-0.02839096635580063,0.5899664163589478,0.5477323532104492,-0.045051105320453644,0.5986272692680359,0.5761852860450745,-0.049560610204935074,0.6668136119842529,0.5080905556678772,0.013718094676733017,0.6463716626167297,0.44398632645606995,-0.03515946492552757,0.6396084427833557,0.5811207890510559,-0.03290649503469467,0.6512389183044434,0.586407482624054,-0.01627781242132187,0.7260918617248535,0.5262588262557983,-0.0018685085233300924,0.7090905904769897,0.4679662883281708,-0.05030575394630432,0.6967713832855225,0.5941369533538818,-0.022273404523730278,0.7082110643386841,0.6073606610298157,0.011621383018791676,0.7859302759170532,0.5516185760498047,-0.021564949303865433,0.7662363052368164,0.5025895237922668,-0.03979550302028656,0.7499451041221619,0.5866262912750244,-0.01508688647300005,0.7580134272575378,0.6046735644340515,0.010822711512446404,Open
0.719557523727417,0.8186914324760437,-9.158571856460185e-07,0.6341553330421448,0.762091338634491,-0.03429790958762169,0.5522216558456421,0.6424782276153564,-0.04669693112373352,0.5128015875816345,0.537229597568512,-0.06080581620335579,0.5459504723548889,0.47527363896369934,-0.06289850175380707,0.6063695549964905,0.5062497854232788,0.01479243952780962,0.5892072916030884,0.43096089363098145,-0.031836435198783875,0.5888175368309021,0.5474000573158264,-0.04926857352256775,0.5977339148521423,0.5777813792228699,-0.05420893058180809,0.666632354259491,0.5084900259971619,0.012463010847568512,0.645307719707489,0.4433625340461731,-0.037110649049282074,0.6380348205566406,0.5797594785690308,-0.03522568568587303,0.6506858468055725,0.5857807397842407,-0.018835801631212234,0.7257423996925354,0.5260941386222839,-0.002359560690820217,0.7076188325881958,0.4675639867782593,-0.05206834897398949,0.6947174668312073,0.5936934947967529,-0.024403557181358337,0.7066355347633362,0.6076739430427551,0.00945923663675785,0.785724937915802,0.5513633489608765,-0.021468354389071465,0.765500009059906,0.5035986304283142,-0.04139501973986626,0.7488607168197632,0.5873816609382629,-0.017623281106352806,0.7571718096733093,0.6052200794219971,0.007838490419089794,Open
0.7152060866355896,0.8099338412284851,-8.962052220340411e-07,0.6312211155891418,0.7632633447647095,-0.030623355880379677,0.5518361330032349,0.6484556198120117,-0.04396747425198555,0.5054942965507507,0.5545085668563843,-0.05943562090396881,0.518911600112915,0.48740535974502563,-0.06480377912521362,0.6038211584091187,0.502851128578186,0.008386367931962013,0.5880838632583618,0.41908401250839233,-0.04073278605937958,0.5871027708053589,0.5298957824707031,-0.06177292391657829,0.5992146134376526,0.5870571136474609,-0.06738484650850296,0.6643245816230774,0.503282904624939,0.0036994267720729113,0.6443878412246704,0.4276741147041321,-0.04810428246855736,0.6382476687431335,0.5614933967590332,-0.05079323425889015,0.6520445942878723,0.593295693397522,-0.03650815039873123,0.7234302163124084,0.5208735466003418,-0.012020093388855457,0.7083325386047363,0.4554009437561035,-0.06302648037672043,0.6967962980270386,0.5773760080337524,-0.03984830901026726,0.7063151597976685,0.60791015625,-0.00819129217416048,0.7836148738861084,0.5484924912452698,-0.031058721244335175,0.7671951055526733,0.49271756410598755,-0.05446762219071388,0.7494123578071594,0.5773630142211914,-0.03263470157980919,0.7527555227279663,0.6066890954971313,-0.007479432970285416,Open
0.7160909175872803,0.8080570101737976,-9.358627153233101e-07,0.6324102282524109,0.7582889795303345,-0.03323863819241524,0.5518560409545898,0.6425434350967407,-0.0475480854511261,0.5035054683685303,0.5495367646217346,-0.06367944180965424,0.5181889533996582,0.4835895895957947,-0.06889726221561432,0.6070201396942139,0.5001859664916992,0.006290155928581953,0.5891031622886658,0.4156947731971741,-0.04491192102432251,0.5879111886024475,0.531364381313324,-0.0654144287109375,0.6001153588294983,0.5814594626426697,-0.07044468075037003,0.6668225526809692,0.5019245147705078,0.002477124333381653,0.6456555724143982,0.4281681180000305,-0.05172592028975487,0.639102578163147,0.5652557015419006,-0.05373341590166092,0.6542046070098877,0.5891250967979431,-0.03839853033423424,0.7256441116333008,0.5187270045280457,-0.012900210916996002,0.7070066928863525,0.45462489128112793,-0.06609881669282913,0.696117103099823,0.5801737308502197,-0.041696228086948395,0.7086601257324219,0.6043238043785095,-0.00860489159822464,0.7850193381309509,0.5439416766166687,-0.03185515105724335,0.7648510932922363,0.49217864871025085,-0.05577000975608826,0.7489290833473206,0.578315794467926,-0.033369217067956924,0.7568795084953308,0.6034559607505798,-0.007425751071423292,Open
0.7138828039169312,0.8036946654319763,-6.970877848289092e-07,0.6277540922164917,0.7550891637802124,-0.021634509786963463,0.5465541481971741,0.656555712223053,-0.035163991153240204,0.49453049898147583,0.5728722810745239,-0.052646275609731674,0.49279022216796875,0.5069987773895264,-0.06404761970043182,0.6054304838180542,0.5076509714126587,0.007060140836983919,0.5881550908088684,0.4018911123275757,-0.037080660462379456,0.5775160789489746,0.47016996145248413,-0.06198527291417122,0.5838871002197266,0.5311857461929321,-0.0711408406496048,0.6604881882667542,0.503894567489624,-0.0033468655310571194,0.6422845721244812,0.3923332095146179,-0.04878168925642967,0.6300085783004761,0.496188223361969,-0.058360837399959564,0.6403716802597046,0.5561209917068481,-0.05009733512997627,0.7186896800994873,0.518179714679718,-0.022071849554777145,0.7053974866867065,0.41575032472610474,-0.0644787922501564,0.6889611482620239,0.5144311785697937,-0.05067829042673111,0.6940953731536865,0.5708954930305481,-0.027003219351172447,0.779292106628418,0.5496500730514526,-0.04313505068421364,0.7646570205688477,0.4756157696247101,-0.06450361758470535,0.7460144758224487,0.5427300930023193,-0.0477619543671608,0.7481182813644409,0.5862839221954346,-0.026886558160185814,Open
0.7157018184661865,0.8090729713439941,-7.618008339704829e-07,0.6288271546363831,0.7566409707069397,-0.020826099440455437,0.5452002286911011,0.6551076173782349,-0.0327635258436203,0.49226829409599304,0.5731032490730286,-0.04919520020484924,0.49017980694770813,0.5066874623298645,-0.05960536748170853,0.6052404046058655,0.5056853294372559,0.009022078476846218,0.5866011381149292,0.3958083987236023,-0.034750450402498245,0.5757197737693787,0.4694679379463196,-0.058896537870168686,0.5837120413780212,0.533466100692749,-0.06746158748865128,0.6605789661407471,0.501909613609314,-0.0016988518182188272,0.6425372362136841,0.38996249437332153,-0.04668435454368591,0.629948079586029,0.4960229992866516,-0.05614623799920082,0.6412423849105835,0.555702805519104,-0.04797423258423805,0.7193809151649475,0.5159277319908142,-0.02081254869699478,0.7033576369285583,0.4134172201156616,-0.06425148993730545,0.6885604858398438,0.5177159309387207,-0.050415635108947754,0.6961938142776489,0.5759775042533875,-0.02663930132985115,0.7808247804641724,0.5472428798675537,-0.04210139811038971,0.7633998394012451,0.47162774205207825,-0.06575547903776169,0.7467392086982727,0.5441840887069702,-0.04912383854389191,0.7520373463630676,0.5902777910232544,-0.027828741818666458,Open
0.7149747014045715,0.8068976402282715,2.2142701894267702e-08,0.6199667453765869,0.7614892721176147,-0.02161841280758381,0.5377922654151917,0.6652261018753052,-0.0307218786329031,0.4839435815811157,0.5893490314483643,-0.04092176631093025,0.4710688591003418,0.5211630463600159,-0.047319114208221436,0.5966165065765381,0.506771445274353,0.011554484255611897,0.5854457020759583,0.39938634634017944,-0.01258254423737526,0.5794068574905396,0.36527717113494873,-0.03693031147122383,0.5753542184829712,0.36801666021347046,-0.05112209916114807,0.6530724763870239,0.49512284994125366,0.007000226993113756,0.6433411240577698,0.38332459330558777,-0.010963601060211658,0.6412245631217957,0.36246490478515625,-0.027943838387727737,0.6364858150482178,0.3753623962402344,-0.03664547577500343,0.7084909081459045,0.5060302019119263,-0.004056548234075308,0.7038177251815796,0.39907634258270264,-0.02125447429716587,0.6990294456481934,0.3861425220966339,-0.02239098772406578,0.6937642097473145,0.3977345824241638,-0.020633764564990997,0.7676312327384949,0.5374351739883423,-0.018194403499364853,0.7625770568847656,0.4597409963607788,-0.03146414831280708,0.755320131778717,0.4544890820980072,-0.026596305891871452,0.7488656044006348,0.4645949602127075,-0.019696185365319252,Open
0.7156648635864258,0.8068431615829468,3.2798414650869745e-08,0.6198862195014954,0.7612968683242798,-0.0243739765137434,0.5375316143035889,0.6668363213539124,-0.03369985520839691,0.4835689067840576,0.5923851728439331,-0.04320516064763069,0.4694659113883972,0.523688018321991,-0.04835504665970802,0.5995550751686096,0.5097585916519165,0.011508744210004807,0.5874314308166504,0.4018685221672058,-0.011287287808954716,0.5802962183952332,0.36385929584503174,-0.03502145782113075,0.5749538540840149,0.359413206577301,-0.04946226254105568,0.6554998755455017,0.500441312789917,0.009114152751863003,0.6462513208389282,0.39338231086730957,-0.008320518769323826,0.6435334086418152,0.3716273307800293,-0.024733958765864372,0.637906551361084,0.3777129650115967,-0.0334041565656662,0.7097260355949402,0.5122137069702148,-8.859553781803697e-05,0.7055783271789551,0.41109973192214966,-0.017057225108146667,0.7002575397491455,0.39488446712493896,-0.016533736139535904,0.6949610114097595,0.3977165222167969,-0.013865544460713863,0.7690991163253784,0.5418897271156311,-0.012737436220049858,0.7645320892333984,0.4655875265598297,-0.024842778220772743,0.7580931782722473,0.4599372446537018,-0.018367204815149307,0.7520732283592224,0.46455883979797363,-0.010719267651438713,Open
0.7106186151504517,0.8058390617370605,3.0326188493745576e-07,0.6225972175598145,0.7656102776527405,-0.03054208867251873,0.5390089750289917,0.6750105619430542,-0.044733960181474686,0.4836135506629944,0.5979083776473999,-0.05666741356253624,0.4497873783111572,0.5349937081336975,-0.06683316081762314,0.5965374708175659,0.5074390172958374,-0.01770813949406147,0.5734343528747559,0.39211446046829224,-0.0421738475561142,0.5528442859649658,0.33262673020362854,-0.06453108042478561,0.531535267829895,0.2857919931411743,-0.07985579967498779,0.654071569442749,0.4905514717102051,-0.020109135657548904,0.6393226981163025,0.370760440826416,-0.036451537162065506,0.6283664107322693,0.30722859501838684,-0.0520111620426178,0.6158233880996704,0.25489285588264465,-0.06364228576421738,0.7112878561019897,0.4960941672325134,-0.02797514945268631,0.7049980759620667,0.3839561939239502,-0.04439808800816536,0.6990230679512024,0.32698187232017517,-0.05041449889540672,0.6886056661605835,0.2792230546474457,-0.05434681102633476,0.7675983309745789,0.5212084054946899,-0.0395163968205452,0.7639997005462646,0.42292457818984985,-0.053473588079214096,0.759437084197998,0.37117043137550354,-0.05386180430650711,0.7520155310630798,0.3270329535007477,-0.052505433559417725,Open
0.7150980234146118,0.8060882091522217,2.7715884698409354e-07,0.6248388886451721,0.766303539276123,-0.028780970722436905,0.5384888648986816,0.6744540929794312,-0.042548611760139465,0.48265406489372253,0.5995555520057678,-0.0545022189617157,0.4480247497558594,0.5351793169975281,-0.06458504498004913,0.5948358774185181,0.5037164688110352,-0.014456726610660553,0.5720383524894714,0.3855314254760742,-0.03926333039999008,0.5508057475090027,0.3268657326698303,-0.06216892972588539,0.5291666984558105,0.2847993075847626,-0.07718493789434433,0.6529107093811035,0.4868701696395874,-0.017782460898160934,0.6373757123947144,0.36349111795425415,-0.03334890305995941,0.6258609890937805,0.2981640696525574,-0.0489068366587162,0.6134033799171448,0.24720090627670288,-0.060472480952739716,0.7104461193084717,0.4921557307243347,-0.026848584413528442,0.7006331086158752,0.3738386631011963,-0.042563337832689285,0.6928673386573792,0.3133985996246338,-0.04927961528301239,0.6810619235038757,0.26403021812438965,-0.0538330040872097,0.7668856382369995,0.5162792205810547,-0.03940583020448685,0.7604054808616638,0.41487303376197815,-0.05274970829486847,0.7540701627731323,0.3621402978897095,-0.05293956771492958,0.7448745965957642,0.31801140308380127,-0.051530566066503525,Open
0.7154285311698914,0.807380735874176,5.060305170445645e-07,0.6230347752571106,0.7673991322517395,-0.03280385583639145,0.5387507081031799,0.6760881543159485,-0.0511789470911026,0.4803236722946167,0.5997644066810608,-0.06679720431566238,0.436675101518631,0.5399091839790344,-0.08231902122497559,0.601050078868866,0.5040848255157471,-0.036883775144815445,0.5662695169448853,0.3734840750694275,-0.06628195196390152,0.5419009923934937,0.298560231924057,-0.08975525200366974,0.5184547305107117,0.2346404790878296,-0.10609956830739975,0.6607993245124817,0.4800788462162018,-0.04319083318114281,0.6416603922843933,0.33040302991867065,-0.06705182045698166,0.625483512878418,0.2404663860797882,-0.0871516615152359,0.6089121103286743,0.16874775290489197,-0.10127229988574982,0.7213640213012695,0.48656344413757324,-0.053815681487321854,0.7180270552635193,0.3454909324645996,-0.07887033373117447,0.7110609412193298,0.26069405674934387,-0.0934235006570816,0.7015384435653687,0.19065594673156738,-0.10252008587121964,0.7800257205963135,0.516395092010498,-0.06717939674854279,0.781893253326416,0.3995707035064697,-0.08952579647302628,0.778812050819397,0.3279552459716797,-0.09554832428693771,0.7733168601989746,0.2671075165271759,-0.09785448759794235,Open
0.7182080745697021,0.8188599348068237,4.3577230712799064e-07,0.6231946349143982,0.7710232138633728,-0.03599971905350685,0.538619339466095,0.6801489591598511,-0.055808279663324356,0.4805912375450134,0.6042903661727905,-0.07296339422464371,0.4348435699939728,0.5419992208480835,-0.08970215171575546,0.6024132966995239,0.49420464038848877,-0.031850844621658325,0.566615104675293,0.36602896451950073,-0.06252824515104294,0.5415008068084717,0.29331839084625244,-0.08902023732662201,0.5191740393638611,0.22782927751541138,-0.10802662372589111,0.661052942276001,0.4723373353481293,-0.03798608481884003,0.643088161945343,0.3281387686729431,-0.062209662050008774,0.6273113489151001,0.24058467149734497,-0.08406367152929306,0.6124340295791626,0.1664784848690033,-0.10034472495317459,0.7201957106590271,0.4804321825504303,-0.04981914907693863,0.7153568267822266,0.3436713218688965,-0.07424650341272354,0.7080489993095398,0.26295968890190125,-0.08880051225423813,0.6991167068481445,0.19349780678749084,-0.09886513650417328,0.7782350778579712,0.5114352107048035,-0.06546331197023392,0.7803062200546265,0.39775416254997253,-0.08668459951877594,0.7782691717147827,0.3280598521232605,-0.09262646734714508,0.7749520540237427,0.26621878147125244,-0.09574414044618607,Open
0.7215694189071655,0.8202506303787231,5.531055649043992e-07,0.6281421184539795,0.7714982032775879,-0.03374035283923149,0.5415785908699036,0.6750985980033875,-0.05380671098828316,0.4803353548049927,0.596502423286438,-0.07144840061664581,0.42700427770614624,0.542338490486145,-0.08955126255750656,0.605641782283783,0.4917536973953247,-0.03755546361207962,0.5654415488243103,0.3546406030654907,-0.06865338236093521,0.5412454605102539,0.27485865354537964,-0.09373044222593307,0.5220674872398376,0.20513448119163513,-0.11163210868835449,0.6672753691673279,0.4692595899105072,-0.04630284011363983,0.6495851278305054,0.30837899446487427,-0.07207442075014114,0.6380575299263,0.20942461490631104,-0.09411304444074631,0.6287592649459839,0.1294078528881073,-0.1101294681429863,0.7287006378173828,0.4811466634273529,-0.060003455728292465,0.7323822975158691,0.32937467098236084,-0.08809559047222137,0.7328431010246277,0.23358634114265442,-0.10617586225271225,0.731477677822113,0.15301764011383057,-0.11831317096948624,0.7876354455947876,0.518420934677124,-0.07650547474622726,0.8010368943214417,0.39756524562835693,-0.10154225677251816,0.8058221936225891,0.3205442428588867,-0.10971629619598389,0.8073019981384277,0.25248977541923523,-0.11430700123310089,Open
0.7239673137664795,0.8233252763748169,5.401938096838421e-07,0.6301066875457764,0.7718217372894287,-0.03794395178556442,0.5440385341644287,0.6781561970710754,-0.06009460240602493,0.48095279932022095,0.6020151376724243,-0.07959137856960297,0.42671793699264526,0.5449768900871277,-0.09936145693063736,0.6070311069488525,0.4847365915775299,-0.03561589866876602,0.5658473372459412,0.35113829374313354,-0.06704414635896683,0.5413448810577393,0.27312713861465454,-0.09373856335878372,0.523406445980072,0.2027815580368042,-0.11316126585006714,0.6686277985572815,0.4619833827018738,-0.04335985332727432,0.6534126996994019,0.3042701184749603,-0.06846809387207031,0.6430133581161499,0.20751789212226868,-0.09146203845739365,0.6357293725013733,0.12621381878852844,-0.10879962146282196,0.7294687628746033,0.4745240807533264,-0.05692826583981514,0.7326706647872925,0.32474711537361145,-0.08456283062696457,0.7339082360267639,0.23233693838119507,-0.10214447975158691,0.7337771654129028,0.15244287252426147,-0.1144806370139122,0.7881633043289185,0.5128993988037109,-0.07409165054559708,0.8000178933143616,0.39513644576072693,-0.09868890792131424,0.8061896562576294,0.321085661649704,-0.1060086041688919,0.810113251209259,0.25440195202827454,-0.11039510369300842,Open
0.7270992994308472,0.8262730240821838,5.649242780236818e-07,0.6316248178482056,0.7682571411132812,-0.032254427671432495,0.5433222651481628,0.6708472967147827,-0.050994303077459335,0.47916510701179504,0.5972428321838379,-0.06796390563249588,0.42424866557121277,0.5469568371772766,-0.08565429598093033,0.6111568212509155,0.4809962213039398,-0.03008585423231125,0.5689232349395752,0.34480714797973633,-0.05901291221380234,0.54648357629776,0.26402729749679565,-0.08390260487794876,0.5310877561569214,0.19197461009025574,-0.102383092045784,0.6741766333580017,0.4574012756347656,-0.039549946784973145,0.6605238914489746,0.2967258095741272,-0.06246797367930412,0.6521397829055786,0.1980794072151184,-0.08444692939519882,0.6465319395065308,0.11553031206130981,-0.10134903341531754,0.7353069186210632,0.46913447976112366,-0.05438845232129097,0.7414607405662537,0.3168778121471405,-0.08121640980243683,0.7447747588157654,0.22339552640914917,-0.09934980422258377,0.7461622357368469,0.14385876059532166,-0.11220256984233856,0.7934790253639221,0.5076708793640137,-0.07212909311056137,0.8121106624603271,0.39017254114151,-0.09631016850471497,0.8233404159545898,0.31674546003341675,-0.10385043174028397,0.8314808011054993,0.2502933144569397,-0.10861189663410187,Open
0.7246736288070679,0.8315126895904541,5.384940209296474e-07,0.6303613781929016,0.7709749937057495,-0.03234707564115524,0.5437737703323364,0.6727418899536133,-0.05050031095743179,0.4798201322555542,0.599873423576355,-0.06748689711093903,0.42557358741760254,0.5487761497497559,-0.0852324366569519,0.6129627227783203,0.48100394010543823,-0.024767760187387466,0.5716462731361389,0.3473253846168518,-0.05319572985172272,0.5489091873168945,0.2673565447330475,-0.07881064713001251,0.5336382985115051,0.1955011785030365,-0.09809303283691406,0.6758813261985779,0.45787280797958374,-0.03465371951460838,0.6628298163414001,0.2989412546157837,-0.057636670768260956,0.6550144553184509,0.2002805471420288,-0.08053626120090485,0.6503776907920837,0.11679238080978394,-0.09813742339611053,0.7367936372756958,0.46953994035720825,-0.05040183663368225,0.7426484227180481,0.3185349404811859,-0.0775747150182724,0.7465570569038391,0.22514581680297852,-0.09625502675771713,0.7487017512321472,0.14432793855667114,-0.10942790657281876,0.7945734262466431,0.5079861879348755,-0.06930284947156906,0.8134422898292542,0.3916969895362854,-0.09321914613246918,0.8257675766944885,0.3188081979751587,-0.10067185759544373,0.8353500366210938,0.25268983840942383,-0.10554126650094986,Open
0.7253545522689819,0.8298861384391785,5.711553967557847e-07,0.6311150193214417,0.76938796043396,-0.032696500420570374,0.5437653064727783,0.6708047986030579,-0.05037720873951912,0.4801953434944153,0.5978041291236877,-0.06672745198011398,0.4255058169364929,0.5481521487236023,-0.08344275504350662,0.6142563223838806,0.4768179655075073,-0.022777052596211433,0.573479413986206,0.34283220767974854,-0.04915539175271988,0.5520985126495361,0.2630075216293335,-0.07374762743711472,0.5389331579208374,0.19161534309387207,-0.09247712045907974,0.6775715947151184,0.45380786061286926,-0.031604278832674026,0.6658369898796082,0.29474255442619324,-0.05225587636232376,0.6602067947387695,0.19542545080184937,-0.07409870624542236,0.6582438945770264,0.11221495270729065,-0.09124669432640076,0.738518476486206,0.465206116437912,-0.04644865170121193,0.745269775390625,0.3139207363128662,-0.07167232781648636,0.7519547939300537,0.22201645374298096,-0.0901016965508461,0.7568952441215515,0.14296948909759521,-0.10337569564580917,0.7957268357276917,0.5029635429382324,-0.06464862078428268,0.8154870271682739,0.38812917470932007,-0.08751717209815979,0.8288697600364685,0.3160099387168884,-0.09539160132408142,0.839876651763916,0.2502012252807617,-0.10070551931858063,Open
0.7235296368598938,0.8320695161819458,5.60995601972536e-07,0.6293798685073853,0.7711046934127808,-0.03301920369267464,0.5420835018157959,0.6713773608207703,-0.05086468905210495,0.4787794351577759,0.5981876850128174,-0.0674891248345375,0.4246059060096741,0.547707736492157,-0.0846179872751236,0.6144009232521057,0.4764038920402527,-0.0228111669421196,0.5737407803535461,0.3430474102497101,-0.04993439093232155,0.5519199967384338,0.2627664804458618,-0.07513447850942612,0.5386477112770081,0.19090697169303894,-0.09439484030008316,0.677360475063324,0.4537239074707031,-0.0321916788816452,0.6655139923095703,0.29424208402633667,-0.05399154871702194,0.6599788069725037,0.19383880496025085,-0.07673851400613785,0.6584001779556274,0.10990047454833984,-0.09449481219053268,0.7380362749099731,0.465651273727417,-0.04771839454770088,0.7445303201675415,0.31316936016082764,-0.07424075156450272,0.7512783408164978,0.22079741954803467,-0.09366325289011002,0.7563250660896301,0.14111751317977905,-0.10749940574169159,0.7950572967529297,0.504038393497467,-0.06661204993724823,0.8140558004379272,0.38902950286865234,-0.0906621664762497,0.8273816704750061,0.31537240743637085,-0.09956421703100204,0.8385878205299377,0.24792775511741638,-0.10564166307449341,Open
0.7247134447097778,0.8350940346717834,5.396942128754745e-07,0.6317355036735535,0.7755880951881409,-0.03315070644021034,0.5441992878913879,0.6741088628768921,-0.05063527077436447,0.4798924922943115,0.5980697870254517,-0.06683658808469772,0.4252203106880188,0.5465569496154785,-0.08342110365629196,0.6146728992462158,0.480318546295166,-0.02241922914981842,0.5742248892784119,0.3448903560638428,-0.049643322825431824,0.5528709888458252,0.26367536187171936,-0.07480745762586594,0.5398275852203369,0.19138824939727783,-0.09402938932180405,0.6772196292877197,0.45697271823883057,-0.031397879123687744,0.6654185056686401,0.29714956879615784,-0.053518861532211304,0.6601216197013855,0.19704431295394897,-0.07636827975511551,0.6586900353431702,0.11252379417419434,-0.0941397026181221,0.7377632856369019,0.46792420744895935,-0.046498462557792664,0.7446614503860474,0.3159078359603882,-0.07308495789766312,0.7518957853317261,0.22310692071914673,-0.09221828728914261,0.7575883865356445,0.14327338337898254,-0.10586627572774887,0.7950034737586975,0.50537109375,-0.06496927887201309,0.8143954873085022,0.3907212018966675,-0.08860841393470764,0.8287398815155029,0.3184660077095032,-0.0968305841088295,0.8408967852592468,0.2525615394115448,-0.1024286299943924,Open
0.7233936190605164,0.8347129225730896,5.410644234871143e-07,0.6304355263710022,0.7748926877975464,-0.03181604668498039,0.5438913702964783,0.6729375720024109,-0.04873419180512428,0.4805523455142975,0.5981913208961487,-0.06467752903699875,0.42603519558906555,0.5475148558616638,-0.0810760036110878,0.6144142746925354,0.4778776168823242,-0.020721562206745148,0.5743331909179688,0.34342026710510254,-0.047232478857040405,0.5529344081878662,0.2631389796733856,-0.07207790017127991,0.5396273732185364,0.19142553210258484,-0.09116730093955994,0.676607608795166,0.45497313141822815,-0.030340174213051796,0.6648750305175781,0.2958167493343353,-0.051740068942308426,0.6593426465988159,0.1963733732700348,-0.07437314093112946,0.6574664115905762,0.11234822869300842,-0.09206139296293259,0.736992359161377,0.46630504727363586,-0.045976731926202774,0.7440807819366455,0.31467005610466003,-0.07187578827142715,0.7512702941894531,0.2226698398590088,-0.09069457650184631,0.7566668391227722,0.14304286241531372,-0.10425109416246414,0.7941734790802002,0.5042499303817749,-0.06492872536182404,0.814276397228241,0.38949912786483765,-0.08803102374076843,0.82862389087677,0.3170844316482544,-0.09596076607704163,0.8406572937965393,0.25076475739479065,-0.10141082108020782,Open
0.7204892039299011,0.8311121463775635,5.423171955953876e-07,0.6285539865493774,0.7686654925346375,-0.032506391406059265,0.5432918071746826,0.6721634864807129,-0.05202661082148552,0.4799589514732361,0.5992798209190369,-0.0706704780459404,0.426105797290802,0.5487897992134094,-0.08999419957399368,0.6144776344299316,0.47731533646583557,-0.02518312633037567,0.5743526816368103,0.34324580430984497,-0.054626837372779846,0.5525525212287903,0.26268258690834045,-0.08109988272190094,0.5392836928367615,0.19071170687675476,-0.10104832053184509,0.6769328117370605,0.4562470316886902,-0.035421885550022125,0.6659093499183655,0.2970857322216034,-0.05964658409357071,0.6609048247337341,0.19804957509040833,-0.08326591551303864,0.65922611951828,0.114490807056427,-0.10144516080617905,0.737426221370697,0.46844685077667236,-0.05166662484407425,0.7442057132720947,0.31617605686187744,-0.07980693131685257,0.7506909370422363,0.22346606850624084,-0.09907524287700653,0.7554940581321716,0.14347460865974426,-0.11264536529779434,0.7945975065231323,0.5072221755981445,-0.07121961563825607,0.8146339654922485,0.39219433069229126,-0.09591793268918991,0.8281989097595215,0.31821322441101074,-0.10455238819122314,0.8394439220428467,0.25078636407852173,-0.11030014604330063,Open
0.7210450172424316,0.8289337754249573,5.459951921693573e-07,0.6288498640060425,0.7690315246582031,-0.03476133197546005,0.5432612299919128,0.6742576360702515,-0.05560118705034256,0.47956138849258423,0.6008784770965576,-0.0750318393111229,0.42602524161338806,0.5489829778671265,-0.09492380917072296,0.6147029995918274,0.47780996561050415,-0.02808188460767269,0.5747769474983215,0.343951940536499,-0.05826582387089729,0.5529611110687256,0.26293468475341797,-0.0851726308465004,0.539688766002655,0.1908646821975708,-0.1052955612540245,0.677319347858429,0.4564725458621979,-0.037227414548397064,0.6666776537895203,0.2986243963241577,-0.062016747891902924,0.6618713736534119,0.19976547360420227,-0.08556869626045227,0.6603226661682129,0.11631998419761658,-0.10354942083358765,0.7380812764167786,0.46845781803131104,-0.05249232426285744,0.7447556257247925,0.3175438344478607,-0.08094993978738785,0.7511954307556152,0.22511810064315796,-0.09992516785860062,0.75582355260849,0.1452489197254181,-0.11314062774181366,0.7955265045166016,0.506829023361206,-0.07124917954206467,0.8153674602508545,0.3915495276451111,-0.09630216658115387,0.8286563158035278,0.3180021047592163,-0.10487360507249832,0.8393912315368652,0.2511219382286072,-0.11035723239183426,Open
0.7230246067047119,0.8256522417068481,5.578956461249618e-07,0.6318097710609436,0.7687381505966187,-0.03341950103640556,0.5449098944664001,0.6718863248825073,-0.05287102609872818,0.4808204770088196,0.6003416180610657,-0.07071718573570251,0.4273432195186615,0.5508148670196533,-0.08909531682729721,0.6133944392204285,0.47436171770095825,-0.028504082933068275,0.5729372501373291,0.3407056927680969,-0.05718383565545082,0.5520201921463013,0.2607032358646393,-0.08265364170074463,0.5395046472549438,0.19007360935211182,-0.10181295871734619,0.67621248960495,0.4526204466819763,-0.037721626460552216,0.665467381477356,0.29447120428085327,-0.06094970181584358,0.6598263382911682,0.19615694880485535,-0.08359286189079285,0.6574237942695618,0.1140887439250946,-0.1009911298751831,0.737203061580658,0.4661409556865692,-0.052650731056928635,0.7450000047683716,0.3144972324371338,-0.07993311434984207,0.7515459656715393,0.22322028875350952,-0.09862774610519409,0.756077766418457,0.14444279670715332,-0.11186643689870834,0.7945740818977356,0.5073408484458923,-0.07078903168439865,0.8160359263420105,0.3925170302391052,-0.09539670497179031,0.8297183513641357,0.3190515637397766,-0.10389913618564606,0.8407336473464966,0.2516140043735504,-0.10942685604095459,Open
0.7259213328361511,0.8304678201675415,5.595381367129448e-07,0.6333247423171997,0.7734670639038086,-0.034589365124702454,0.545383095741272,0.6764888167381287,-0.05397553741931915,0.4807235598564148,0.6031894087791443,-0.0715319886803627,0.4270817041397095,0.5517517328262329,-0.08949369937181473,0.6141136884689331,0.4773597717285156,-0.028030844405293465,0.5732705593109131,0.3422703146934509,-0.05682957172393799,0.5524078607559204,0.2613275945186615,-0.08261474967002869,0.5396669507026672,0.1899639070034027,-0.10205114632844925,0.677756667137146,0.45535823702812195,-0.03696795180439949,0.665907084941864,0.29616981744766235,-0.060245491564273834,0.6603032946586609,0.19709783792495728,-0.08334480226039886,0.6579751372337341,0.11430931091308594,-0.101127028465271,0.7393039464950562,0.4685617685317993,-0.051859572529792786,0.7456678748130798,0.3173947334289551,-0.07939352095127106,0.7519697546958923,0.22481396794319153,-0.09863141179084778,0.756695568561554,0.14484870433807373,-0.11225936561822891,0.797001302242279,0.5091555714607239,-0.07008586823940277,0.8160720467567444,0.3944218158721924,-0.09475895017385483,0.8290616273880005,0.3216358423233032,-0.10327638685703278,0.8399455547332764,0.25490713119506836,-0.10887949168682098,Open
0.7242115139961243,0.8312642574310303,5.579123580901069e-07,0.631811797618866,0.7680416107177734,-0.03193292021751404,0.5445498824119568,0.6690037846565247,-0.049834102392196655,0.4802185595035553,0.596820592880249,-0.06660542637109756,0.4251922369003296,0.5485001802444458,-0.08398793637752533,0.6154857277870178,0.47625550627708435,-0.023385867476463318,0.5748369693756104,0.3425799012184143,-0.050517577677965164,0.55307936668396,0.26282522082328796,-0.07552483677864075,0.5396450757980347,0.1912047266960144,-0.09466887265443802,0.6782734394073486,0.45475178956985474,-0.032971400767564774,0.6662541031837463,0.2955152094364166,-0.05474265664815903,0.6605326533317566,0.19644060730934143,-0.07704173773527145,0.6586081981658936,0.11324083805084229,-0.09441330283880234,0.7391421794891357,0.46766144037246704,-0.04844425991177559,0.7447226047515869,0.3158579170703888,-0.07469016313552856,0.7505117058753967,0.22397837042808533,-0.093360036611557,0.755082368850708,0.14444789290428162,-0.10676736384630203,0.7965340614318848,0.5071577429771423,-0.06712721288204193,0.8158138990402222,0.3932963013648987,-0.0906028002500534,0.8290621042251587,0.320814311504364,-0.09868190437555313,0.8404110074043274,0.2539624273777008,-0.1042100340127945,Open
0.7238823175430298,0.8314100503921509,5.558150633078185e-07,0.6316375136375427,0.7680907249450684,-0.03209454566240311,0.5444449186325073,0.6689570546150208,-0.05022507905960083,0.47999703884124756,0.5974380970001221,-0.06725502759218216,0.4251665472984314,0.5489321351051331,-0.08497665822505951,0.615005373954773,0.4761928617954254,-0.023556755855679512,0.5748586654663086,0.34258759021759033,-0.05106300488114357,0.5534032583236694,0.26230672001838684,-0.07629922032356262,0.540033221244812,0.19064867496490479,-0.0955851599574089,0.6778260469436646,0.45480215549468994,-0.03333745524287224,0.666824460029602,0.29498592019081116,-0.055413685739040375,0.6616250276565552,0.19588932394981384,-0.07792309671640396,0.6596775054931641,0.1129448413848877,-0.09543860703706741,0.7387573719024658,0.467873215675354,-0.049059100449085236,0.7450129985809326,0.3148425221443176,-0.07574494183063507,0.7514625787734985,0.22324657440185547,-0.09458284825086594,0.7561225295066833,0.14415192604064941,-0.10805120319128036,0.795989453792572,0.5076484084129333,-0.06797774136066437,0.8149647116661072,0.39352625608444214,-0.09177301824092865,0.8286459445953369,0.3216685354709625,-0.0998341292142868,0.8400706052780151,0.25586965680122375,-0.10533194988965988,Open
0.7204908728599548,0.8289493918418884,5.578604032052681e-07,0.6293033957481384,0.7673930525779724,-0.03410947695374489,0.5431022644042969,0.6706854104995728,-0.05373675003647804,0.47914332151412964,0.5986790657043457,-0.07191907614469528,0.4243137240409851,0.5488458871841431,-0.09060820192098618,0.6140023469924927,0.4741286039352417,-0.02596871368587017,0.5737034678459167,0.34102189540863037,-0.05413913354277611,0.5524789094924927,0.26133161783218384,-0.07969284057617188,0.5398052334785461,0.18957868218421936,-0.09927741438150406,0.676764726638794,0.45352703332901,-0.03536902368068695,0.6651526689529419,0.2951139211654663,-0.05810261517763138,0.6598877310752869,0.19685477018356323,-0.08089045435190201,0.6581470966339111,0.1142711341381073,-0.09877008944749832,0.7376611828804016,0.4672701060771942,-0.05091344565153122,0.7439382076263428,0.31669536232948303,-0.07793380320072174,0.7501205801963806,0.22542566061019897,-0.09689602255821228,0.7546150088310242,0.145829439163208,-0.11060657352209091,0.7951651215553284,0.5071057081222534,-0.06990687549114227,0.8137893676757812,0.39399972558021545,-0.0938546285033226,0.8265734314918518,0.3214547634124756,-0.10239935666322708,0.8371981978416443,0.2541421353816986,-0.10841898620128632,Open
0.7223021388053894,0.828572154045105,5.454123197523586e-07,0.6309121251106262,0.7687824964523315,-0.03425353392958641,0.5440871715545654,0.6719947457313538,-0.05400819331407547,0.4800223112106323,0.5995919704437256,-0.07220358401536942,0.4251207709312439,0.5499963760375977,-0.09092003852128983,0.6138235926628113,0.4759555459022522,-0.02767467498779297,0.5734878182411194,0.342117041349411,-0.056437499821186066,0.5524917244911194,0.26156020164489746,-0.08220432698726654,0.5399793386459351,0.1896219253540039,-0.10175906121730804,0.6764680743217468,0.45511525869369507,-0.036907631903886795,0.6646052002906799,0.2969875931739807,-0.060272809118032455,0.6593876481056213,0.19847968220710754,-0.08323371410369873,0.6576532125473022,0.11546719074249268,-0.10106126219034195,0.7375653386116028,0.46846163272857666,-0.052136145532131195,0.743261992931366,0.3178819417953491,-0.07956504821777344,0.7494498491287231,0.2264210283756256,-0.09858576208353043,0.7538657784461975,0.1467185914516449,-0.11216171085834503,0.7955703139305115,0.5078294277191162,-0.07076551765203476,0.8140321373939514,0.39357030391693115,-0.0950755923986435,0.826918363571167,0.32096946239471436,-0.10362827032804489,0.8376574516296387,0.2538509964942932,-0.1094709113240242,Open
0.7197763919830322,0.8272323608398438,5.585139888353297e-07,0.6287545561790466,0.7674413919448853,-0.03462154045701027,0.5427329540252686,0.6720020174980164,-0.054691798985004425,0.4794197678565979,0.6001473665237427,-0.07314857840538025,0.4254299998283386,0.549606442451477,-0.09212226420640945,0.6139430999755859,0.4741828441619873,-0.02806665748357773,0.5738354325294495,0.34101468324661255,-0.05690498277544975,0.5526871085166931,0.26152798533439636,-0.08278697729110718,0.5401046276092529,0.18999171257019043,-0.10244811326265335,0.6767118573188782,0.45381051301956177,-0.037164103239774704,0.6649557948112488,0.2962486743927002,-0.06060129776597023,0.6593430638313293,0.19827896356582642,-0.08368673175573349,0.6573594808578491,0.11548212170600891,-0.10165876150131226,0.7376240491867065,0.46732258796691895,-0.052301257848739624,0.7436422109603882,0.3178367018699646,-0.07988809794187546,0.7493918538093567,0.2268628478050232,-0.09908582270145416,0.7536717057228088,0.14731886982917786,-0.11280905455350876,0.7952443361282349,0.5067769289016724,-0.0708809420466423,0.8145542740821838,0.3929908573627472,-0.09553920477628708,0.8277291655540466,0.320686399936676,-0.10440332442522049,0.8386924266815186,0.253711998462677,-0.11044084280729294,Open
0.726508617401123,0.8307371139526367,5.446740374281944e-07,0.6325942277908325,0.7743528485298157,-0.03542082756757736,0.5438103079795837,0.675540566444397,-0.05507582053542137,0.4789789319038391,0.6000233888626099,-0.07256785780191422,0.4245917797088623,0.5483187437057495,-0.09024325013160706,0.6144181489944458,0.4757423400878906,-0.028422066941857338,0.5748570561408997,0.3412396311759949,-0.05664750933647156,0.5543050169944763,0.2602860927581787,-0.08224492520093918,0.5416764616966248,0.18881121277809143,-0.10168708115816116,0.677321195602417,0.45384615659713745,-0.03633208945393562,0.6662490367889404,0.29568207263946533,-0.05881761759519577,0.6612535715103149,0.19811242818832397,-0.08105915784835815,0.6594700813293457,0.11584493517875671,-0.09829573333263397,0.7384820580482483,0.467284619808197,-0.050182729959487915,0.7435327768325806,0.31532537937164307,-0.07673544436693192,0.7491248846054077,0.22483134269714355,-0.09475743025541306,0.7529256343841553,0.1467553675174713,-0.10765315592288971,0.7966351509094238,0.5077081322669983,-0.06753657013177872,0.8149543404579163,0.3928092122077942,-0.09173718839883804,0.8275965452194214,0.3211854100227356,-0.09979598224163055,0.8383232951164246,0.25586920976638794,-0.10497703403234482,Open
0.7256882190704346,0.8306283950805664,5.429931206890615e-07,0.6320480108261108,0.772634744644165,-0.03510060906410217,0.5450006723403931,0.6737146377563477,-0.05457168444991112,0.481505811214447,0.5976552367210388,-0.07217936962842941,0.426993191242218,0.5460537075996399,-0.09018528461456299,0.6164919137954712,0.4792741537094116,-0.02801954746246338,0.5765926837921143,0.34445345401763916,-0.05677667260169983,0.5558739304542542,0.26376205682754517,-0.08257842808961868,0.5428555607795715,0.19150316715240479,-0.1020425409078598,0.6800116300582886,0.4572533965110779,-0.036328621208667755,0.6684432029724121,0.2973942756652832,-0.05926087871193886,0.6628793478012085,0.19890248775482178,-0.08159443736076355,0.6607378125190735,0.11516493558883667,-0.09886477142572403,0.741301953792572,0.46942344307899475,-0.050642047077417374,0.7460687756538391,0.3183215260505676,-0.07720328122377396,0.7513036727905273,0.22602993249893188,-0.09483426809310913,0.7554035186767578,0.14537766575813293,-0.1074879989027977,0.7993247509002686,0.5075418949127197,-0.06849677115678787,0.8163981437683105,0.392681360244751,-0.09171848744153976,0.8286408185958862,0.3203586935997009,-0.09886873513460159,0.8391104340553284,0.25324296951293945,-0.10367552191019058,Open
0.7234928011894226,0.8315317630767822,5.456241751744528e-07,0.6302140355110168,0.7719693183898926,-0.03507162258028984,0.5433380603790283,0.6733628511428833,-0.054453350603580475,0.4802265167236328,0.597783088684082,-0.07207412272691727,0.42660996317863464,0.544884443283081,-0.0900433287024498,0.6168103218078613,0.4787248373031616,-0.02636607550084591,0.5777726769447327,0.3445923328399658,-0.05473720282316208,0.5566668510437012,0.2637319564819336,-0.0806388258934021,0.5434943437576294,0.19141137599945068,-0.10037557780742645,0.6799696087837219,0.45774343609809875,-0.03482900187373161,0.6690502166748047,0.298757404088974,-0.05752350762486458,0.6634237170219421,0.19983667135238647,-0.08014891296625137,0.6613283157348633,0.11591815948486328,-0.09775547683238983,0.7408382892608643,0.4709073007106781,-0.04945019260048866,0.7465612888336182,0.31937724351882935,-0.0761614739894867,0.7520900368690491,0.22773778438568115,-0.09424347430467606,0.7563245892524719,0.147762268781662,-0.10724285244941711,0.7983123064041138,0.5101955533027649,-0.06763593852519989,0.8160747289657593,0.39629775285720825,-0.09142979979515076,0.8285995125770569,0.3244180679321289,-0.0992070659995079,0.8392270803451538,0.25747212767601013,-0.1044560968875885,Open
0.7253482341766357,0.8345937728881836,5.652653953802655e-07,0.6334851384162903,0.7730393409729004,-0.03713858500123024,0.5478024482727051,0.6748217940330505,-0.059007059782743454,0.4820256531238556,0.5989322662353516,-0.07890220731496811,0.42547687888145447,0.545447051525116,-0.0990917980670929,0.6192631721496582,0.48550769686698914,-0.0305912084877491,0.5807669758796692,0.3482590317726135,-0.061340365558862686,0.559536337852478,0.26563701033592224,-0.08824921399354935,0.5464363098144531,0.19222989678382874,-0.10838215798139572,0.681827962398529,0.46314507722854614,-0.038799405097961426,0.6716465950012207,0.30171874165534973,-0.063758485019207,0.6662822365760803,0.2013573944568634,-0.08692707121372223,0.6646177172660828,0.11716777086257935,-0.10458100587129593,0.7424260377883911,0.4749652147293091,-0.053262434899806976,0.7472010254859924,0.32074034214019775,-0.08167988061904907,0.7534473538398743,0.2278146743774414,-0.0998472273349762,0.7587020397186279,0.14701122045516968,-0.11267723888158798,0.7994550466537476,0.5132262706756592,-0.07140957564115524,0.8164079189300537,0.39901202917099,-0.09651666134595871,0.8295238018035889,0.3271576166152954,-0.10449904948472977,0.8410916924476624,0.2611328959465027,-0.10968820750713348,Open
0.7254719734191895,0.8359703421592712,5.631951012219361e-07,0.6338342428207397,0.7742844820022583,-0.0352204330265522,0.5485089421272278,0.6734781265258789,-0.05573272332549095,0.48345714807510376,0.5979018211364746,-0.07457535713911057,0.42677897214889526,0.5450788736343384,-0.09376534074544907,0.6188738942146301,0.4821085035800934,-0.02738507091999054,0.5799590349197388,0.34586775302886963,-0.056701406836509705,0.5589404106140137,0.26415833830833435,-0.08288084715604782,0.5461324453353882,0.19156309962272644,-0.10263711214065552,0.681309163570404,0.46077960729599,-0.03617791086435318,0.6707928776741028,0.3004341721534729,-0.0597604364156723,0.66538405418396,0.2008935809135437,-0.08255348354578018,0.6635515689849854,0.1176929771900177,-0.10005981475114822,0.7420647144317627,0.47387996315956116,-0.05111440643668175,0.746982216835022,0.3191785216331482,-0.07836565375328064,0.7529895901679993,0.2266787588596344,-0.09628263860940933,0.7579167485237122,0.14628568291664124,-0.10910621285438538,0.7991849184036255,0.5135371685028076,-0.06959275901317596,0.8157860040664673,0.398264616727829,-0.09395410865545273,0.828498899936676,0.3254948854446411,-0.10176025331020355,0.8395927548408508,0.2587639391422272,-0.10688804090023041,Open
0.7268070578575134,0.8368313312530518,5.348736635824025e-07,0.6340466141700745,0.7747814655303955,-0.032685719430446625,0.546929657459259,0.673352062702179,-0.05114012584090233,0.48315608501434326,0.5978657603263855,-0.06815442442893982,0.4287041425704956,0.545362651348114,-0.0854981541633606,0.6205345392227173,0.47958478331565857,-0.02460557594895363,0.5809363722801208,0.34339773654937744,-0.052279021590948105,0.5601834654808044,0.26261159777641296,-0.07739695906639099,0.547285258769989,0.1905515491962433,-0.09641768783330917,0.6830722689628601,0.45807158946990967,-0.03385863080620766,0.6723339557647705,0.2975519299507141,-0.05553097277879715,0.6667842864990234,0.19883260130882263,-0.07721244543790817,0.6644846796989441,0.11587312817573547,-0.09406238049268723,0.7434883117675781,0.4711703956127167,-0.049005862325429916,0.7497718334197998,0.31790030002593994,-0.07444873452186584,0.755997896194458,0.22641971707344055,-0.09149784594774246,0.7607799172401428,0.14703455567359924,-0.10389237105846405,0.8004889488220215,0.5112696886062622,-0.0675513744354248,0.8179659843444824,0.39696767926216125,-0.09023990482091904,0.8299511075019836,0.32478398084640503,-0.09712733328342438,0.8402854800224304,0.2581630051136017,-0.10174237191677094,Open
0.7275735139846802,0.8380032181739807,5.284430244500982e-07,0.6344431638717651,0.7746365070343018,-0.032949164509773254,0.5466762185096741,0.6732903122901917,-0.051630597561597824,0.4824714660644531,0.5973378419876099,-0.0688880980014801,0.4278657138347626,0.54459148645401,-0.08637212216854095,0.6206129789352417,0.48125648498535156,-0.02460474707186222,0.5804364681243896,0.3443015217781067,-0.052426327019929886,0.5595541000366211,0.26272979378700256,-0.0775354877114296,0.5470980405807495,0.19069215655326843,-0.09639936685562134,0.6829295754432678,0.45970845222473145,-0.03351482376456261,0.6716806292533875,0.2989991307258606,-0.0554325133562088,0.6665509343147278,0.20034724473953247,-0.07704911381006241,0.6653268337249756,0.11796519160270691,-0.09370416402816772,0.7432012557983398,0.4721539318561554,-0.048375777900218964,0.748948872089386,0.31816166639328003,-0.07399643957614899,0.7545945048332214,0.2261371612548828,-0.09118764847517014,0.7591190934181213,0.146936297416687,-0.10356663167476654,0.8004457950592041,0.511457622051239,-0.0666448101401329,0.8185957074165344,0.3973086476325989,-0.08933001756668091,0.8306586742401123,0.3246365189552307,-0.09641438722610474,0.8411469459533691,0.25781241059303284,-0.10109149664640427,Open
0.7249083518981934,0.8333268165588379,5.441478378997999e-07,0.6322553157806396,0.771051824092865,-0.03363105282187462,0.546626091003418,0.6698004603385925,-0.05292019620537758,0.48338985443115234,0.5936104655265808,-0.07087120413780212,0.42776915431022644,0.5432721376419067,-0.08942809700965881,0.6189010739326477,0.47855693101882935,-0.025839684531092644,0.5807234644889832,0.34335485100746155,-0.054850153625011444,0.5602931976318359,0.2624705731868744,-0.08088193833827972,0.5477175116539001,0.189348965883255,-0.10062379390001297,0.681692361831665,0.4592891335487366,-0.035347163677215576,0.6726051568984985,0.30040204524993896,-0.05868930742144585,0.6677377820014954,0.20218750834465027,-0.08149708807468414,0.6659862995147705,0.1179092526435852,-0.09926014393568039,0.7419777512550354,0.4738130271434784,-0.05086902901530266,0.7489794492721558,0.32305359840393066,-0.07763174921274185,0.7544465661048889,0.2311786711215973,-0.09523960947990417,0.7583200931549072,0.15050175786018372,-0.10798798501491547,0.7986547350883484,0.5140663385391235,-0.06988918036222458,0.816119909286499,0.400308221578598,-0.09318943321704865,0.8281494975090027,0.32766032218933105,-0.10040083527565002,0.8384221196174622,0.26003554463386536,-0.10539693385362625,Open
0.7256903052330017,0.8311405181884766,5.549252364289714e-07,0.6333481669425964,0.7708160281181335,-0.035853780806064606,0.547240674495697,0.6710451245307922,-0.05639766529202461,0.4834219217300415,0.5952578783035278,-0.07517360895872116,0.4277479946613312,0.5427369475364685,-0.0943772941827774,0.6191211938858032,0.48022717237472534,-0.02888336591422558,0.5814826488494873,0.3448091745376587,-0.05904588848352432,0.5612704157829285,0.26321399211883545,-0.08574414253234863,0.5484635829925537,0.189450204372406,-0.10590990632772446,0.6822169423103333,0.4605386257171631,-0.037591513246297836,0.6725059151649475,0.30218207836151123,-0.06225813180208206,0.6674922108650208,0.20332381129264832,-0.08572221547365189,0.6653726696968079,0.11786386370658875,-0.10381356626749039,0.7428759932518005,0.4746018350124359,-0.052430640906095505,0.7488384246826172,0.3239988684654236,-0.08059826493263245,0.754157304763794,0.23165857791900635,-0.09870979934930801,0.75779128074646,0.15003925561904907,-0.11154485493898392,0.8000153303146362,0.5141022205352783,-0.07086516171693802,0.8164230585098267,0.3998427987098694,-0.09554926306009293,0.8281434178352356,0.32709479331970215,-0.10333022475242615,0.8379446268081665,0.25928550958633423,-0.10849282145500183,Open
0.7251133918762207,0.8289608955383301,5.586901465903793e-07,0.6322733759880066,0.7691202163696289,-0.03617711737751961,0.5461161136627197,0.6701828837394714,-0.057134196162223816,0.4827883541584015,0.5946899652481079,-0.07617741078138351,0.42744046449661255,0.5423251390457153,-0.0956723541021347,0.6192389130592346,0.4798290729522705,-0.030979415401816368,0.5814293622970581,0.3439640402793884,-0.06153286620974541,0.5611571073532104,0.2618345618247986,-0.08823718130588531,0.5482641458511353,0.1877722442150116,-0.1083541139960289,0.6821311116218567,0.46043649315834045,-0.03960462659597397,0.6722362637519836,0.30286404490470886,-0.06461955606937408,0.6671330332756042,0.204496830701828,-0.08798372745513916,0.6650621294975281,0.11915907263755798,-0.10596618801355362,0.7426181435585022,0.4745834767818451,-0.054234664887189865,0.7484703063964844,0.32364535331726074,-0.08269564062356949,0.7539545297622681,0.23167634010314941,-0.1006661206483841,0.758002758026123,0.14997553825378418,-0.11339303851127625,0.7997286915779114,0.5142035484313965,-0.07244157791137695,0.8164585828781128,0.3996850252151489,-0.0976366400718689,0.8285477161407471,0.3267053961753845,-0.10552969574928284,0.8388721942901611,0.25846484303474426,-0.11068650335073471,Open
0.7269429564476013,0.8350645303726196,5.800347935291938e-07,0.6339454650878906,0.7753047943115234,-0.03706236183643341,0.5473308563232422,0.6752336621284485,-0.05766136571764946,0.48249635100364685,0.5987241864204407,-0.07611407339572906,0.42712458968162537,0.5440189838409424,-0.09461694210767746,0.6185932755470276,0.48234865069389343,-0.028660517185926437,0.5806776881217957,0.344736784696579,-0.058521684259176254,0.5604354739189148,0.2610863745212555,-0.08510104566812515,0.5478358864784241,0.18704745173454285,-0.10503429919481277,0.6809707283973694,0.46158844232559204,-0.035978108644485474,0.6711469888687134,0.302900493144989,-0.05980376526713371,0.6663539409637451,0.20384007692337036,-0.082545705139637,0.6645312309265137,0.12042078375816345,-0.09994503110647202,0.7413229942321777,0.4744408130645752,-0.049597471952438354,0.7466827630996704,0.32290706038475037,-0.07670988887548447,0.7520676255226135,0.23115307092666626,-0.09422767162322998,0.7561620473861694,0.15127232670783997,-0.10668480396270752,0.7988450527191162,0.5133252739906311,-0.06698520481586456,0.8168140649795532,0.39967799186706543,-0.0912775993347168,0.8293330669403076,0.32710587978363037,-0.09914864599704742,0.8399031758308411,0.2602451741695404,-0.10420408844947815,Open
0.7275551557540894,0.837361216545105,5.686381427949527e-07,0.6345864534378052,0.7759143114089966,-0.03462739288806915,0.5478711724281311,0.6733627319335938,-0.05319386348128319,0.4831669330596924,0.5972505211830139,-0.07001670449972153,0.42758339643478394,0.5443637371063232,-0.0869435966014862,0.6186410784721375,0.4795091152191162,-0.023915082216262817,0.5802217125892639,0.34271240234375,-0.05162682756781578,0.5600636005401611,0.26055651903152466,-0.07698983699083328,0.5475636720657349,0.18721753358840942,-0.09623173624277115,0.681065022945404,0.4589874744415283,-0.03184650465846062,0.6704970002174377,0.30023616552352905,-0.05359688028693199,0.6654223203659058,0.20168891549110413,-0.07545400410890579,0.6634228825569153,0.11888867616653442,-0.09244152158498764,0.741293728351593,0.4721612334251404,-0.04603925347328186,0.7469450831413269,0.3212065100669861,-0.07169072329998016,0.7525882124900818,0.23007521033287048,-0.08878546208143234,0.7567691206932068,0.15091294050216675,-0.10108660906553268,0.7985429167747498,0.511147677898407,-0.06386090070009232,0.8162389397621155,0.39740315079689026,-0.08695891499519348,0.8286616206169128,0.325316846370697,-0.0943528339266777,0.8391304016113281,0.25876277685165405,-0.09924601763486862,Open
0.7291281819343567,0.8350915908813477,5.448474666991387e-07,0.6353439092636108,0.7728176116943359,-0.03416087105870247,0.5485773086547852,0.672544538974762,-0.05316327139735222,0.4847045838832855,0.5961928367614746,-0.07069239765405655,0.42898932099342346,0.5444827675819397,-0.08846887946128845,0.6197707056999207,0.48162394762039185,-0.02430441416800022,0.5805338621139526,0.3460681736469269,-0.05262482538819313,0.5599589347839355,0.26470068097114563,-0.07846854627132416,0.5473156571388245,0.19146084785461426,-0.09808696061372757,0.6815690994262695,0.45949962735176086,-0.033026985824108124,0.6702693104743958,0.29992201924324036,-0.05500655621290207,0.6646335124969482,0.20150217413902283,-0.07706534117460251,0.6623072028160095,0.11767670512199402,-0.09435969591140747,0.7418794631958008,0.4721023440361023,-0.04791269451379776,0.7464220523834229,0.31990545988082886,-0.07347507029771805,0.7516859173774719,0.22908803820610046,-0.09040701389312744,0.7554014921188354,0.14967262744903564,-0.10283859074115753,0.7995551824569702,0.5115234851837158,-0.06645186990499496,0.815981924533844,0.39831244945526123,-0.08914775401353836,0.8277446627616882,0.3267638087272644,-0.09602542221546173,0.8380133509635925,0.26001042127609253,-0.10075654089450836,Open
0.7264031171798706,0.8393219709396362,5.456755047816841e-07,0.6349906325340271,0.77544766664505,-0.03323962539434433,0.5492891669273376,0.6720341444015503,-0.05213218927383423,0.4852049946784973,0.5952953696250916,-0.0697864294052124,0.4289003610610962,0.5437177419662476,-0.08793298900127411,0.620974063873291,0.4822787940502167,-0.024821413680911064,0.5828417539596558,0.3461967706680298,-0.053636323660612106,0.5620598196983337,0.2641386389732361,-0.07964643090963364,0.5491920113563538,0.1909705400466919,-0.09944625198841095,0.6828332543373108,0.46208566427230835,-0.03430197760462761,0.671107292175293,0.3017756938934326,-0.05757803097367287,0.6650965213775635,0.20168834924697876,-0.080311119556427,0.6625812649726868,0.11796724796295166,-0.09785300493240356,0.7433379888534546,0.47555747628211975,-0.049839746206998825,0.7470001578330994,0.32189279794692993,-0.07678138464689255,0.7517011761665344,0.22968539595603943,-0.09451518207788467,0.7554036378860474,0.14967474341392517,-0.10726677626371384,0.8011602163314819,0.5148841738700867,-0.06881528347730637,0.8173282742500305,0.4006384611129761,-0.09265299886465073,0.8290046453475952,0.32781314849853516,-0.10047288239002228,0.8394302725791931,0.26074400544166565,-0.10579153895378113,Open
0.7256223559379578,0.8396502733230591,5.484229177454836e-07,0.6342622637748718,0.7764856815338135,-0.03403230756521225,0.5487349033355713,0.6731798648834229,-0.05355386808514595,0.4850514531135559,0.5958203673362732,-0.071834996342659,0.4289315342903137,0.5435373187065125,-0.0905849039554596,0.6203595995903015,0.4823293387889862,-0.025310879573225975,0.5828710794448853,0.3459526300430298,-0.054705388844013214,0.5619162321090698,0.2636914551258087,-0.08129827678203583,0.548903226852417,0.18994545936584473,-0.10146786272525787,0.6822350025177002,0.4621809124946594,-0.034663837403059006,0.671758770942688,0.30183476209640503,-0.05830221250653267,0.6663882732391357,0.2020384669303894,-0.08142197132110596,0.6643537878990173,0.11809554696083069,-0.09929864853620529,0.742809534072876,0.4759260416030884,-0.05014153942465782,0.7473084926605225,0.3231803774833679,-0.07689566165208817,0.752268373966217,0.23104169964790344,-0.09446711093187332,0.7560888528823853,0.15128877758979797,-0.1071871742606163,0.8006186485290527,0.5157822966575623,-0.0692538395524025,0.8169885277748108,0.40073728561401367,-0.09265988320112228,0.8288059234619141,0.3275507688522339,-0.1001107394695282,0.8394075632095337,0.2607874572277069,-0.1051943302154541,Open
0.7271191477775574,0.8370487689971924,5.462710532810888e-07,0.6338876485824585,0.77325439453125,-0.035157281905412674,0.5482255220413208,0.6729143857955933,-0.05538339167833328,0.48479190468788147,0.5948114395141602,-0.07414152473211288,0.4290485084056854,0.5430057644844055,-0.09325432777404785,0.6219468116760254,0.482975035905838,-0.026371704414486885,0.5838049650192261,0.3464964032173157,-0.05623038113117218,0.5631142854690552,0.26436591148376465,-0.08323124051094055,0.5503517389297485,0.19011569023132324,-0.1035141572356224,0.6842432022094727,0.4623536467552185,-0.03508883714675903,0.6741939783096313,0.30306708812713623,-0.05867678299546242,0.6690163016319275,0.20402640104293823,-0.0815381184220314,0.6673219799995422,0.11985042691230774,-0.09921609610319138,0.7446249127388,0.475307822227478,-0.050032276660203934,0.7497969269752502,0.32490789890289307,-0.07611192017793655,0.7541565895080566,0.23279041051864624,-0.09300913661718369,0.7577517628669739,0.15254199504852295,-0.10535195469856262,0.8019915819168091,0.5142538547515869,-0.06884066015481949,0.818556010723114,0.401155561208725,-0.09114588052034378,0.8292332887649536,0.3283764123916626,-0.09776382893323898,0.8387178182601929,0.2611392140388489,-0.1023210659623146,Open
0.7262464165687561,0.8342257738113403,5.58433384867385e-07,0.6330188512802124,0.770502507686615,-0.03593964874744415,0.5478116273880005,0.6716150045394897,-0.05686665326356888,0.4846389889717102,0.5942944884300232,-0.07618512958288193,0.4293309450149536,0.5423305630683899,-0.09587331861257553,0.6218312978744507,0.48115935921669006,-0.028346644714474678,0.5840394496917725,0.3450376093387604,-0.05911589413881302,0.5631750226020813,0.2622729241847992,-0.08662021160125732,0.5501673817634583,0.18754810094833374,-0.10725259780883789,0.6840538382530212,0.4612467288970947,-0.03690855950117111,0.6740353107452393,0.30307072401046753,-0.06133782118558884,0.6688603758811951,0.2040213942527771,-0.08445756137371063,0.6671037673950195,0.1195860207080841,-0.10226674377918243,0.7444767951965332,0.4748968183994293,-0.05173102766275406,0.7491922974586487,0.32497626543045044,-0.07865797728300095,0.7532181739807129,0.23265159130096436,-0.09591179341077805,0.756582498550415,0.15170368552207947,-0.10839986056089401,0.801970362663269,0.5144727230072021,-0.0704498291015625,0.8185125589370728,0.4014720320701599,-0.09373310953378677,0.8289252519607544,0.32839980721473694,-0.10097204148769379,0.83817058801651,0.26049038767814636,-0.10585620254278183,Open
0.7259182929992676,0.8355028629302979,5.619559146907704e-07,0.632440447807312,0.7715886235237122,-0.03648921474814415,0.5473984479904175,0.6727971434593201,-0.05770877003669739,0.48437559604644775,0.5952967405319214,-0.07730154693126678,0.42942726612091064,0.5419416427612305,-0.09720657765865326,0.6218323707580566,0.4822096824645996,-0.028005050495266914,0.584061861038208,0.3459663987159729,-0.059071917086839676,0.5631534457206726,0.2627624571323395,-0.08698567003011703,0.5500202775001526,0.1875564455986023,-0.10795935988426208,0.6842002868652344,0.46224066615104675,-0.03655127435922623,0.6738389134407043,0.30420660972595215,-0.0614137165248394,0.6685311794281006,0.20451214909553528,-0.08498071879148483,0.6664360761642456,0.1194993257522583,-0.10305408388376236,0.7446439862251282,0.4759671688079834,-0.051519013941287994,0.749005913734436,0.32546377182006836,-0.079044871032238,0.7527951002120972,0.23249110579490662,-0.09673615545034409,0.7558577656745911,0.15072745084762573,-0.10942891985177994,0.8021422624588013,0.5156373381614685,-0.07041814923286438,0.818863034248352,0.4023331105709076,-0.09441962093114853,0.829262375831604,0.3286547362804413,-0.1021643877029419,0.8383829593658447,0.2600169777870178,-0.10733959823846817,Open
0.7270215749740601,0.8366498947143555,5.594248477791552e-07,0.6344771385192871,0.7739719152450562,-0.034510400146245956,0.5489141345024109,0.6714355945587158,-0.05410277098417282,0.4854307770729065,0.5948715806007385,-0.07204502075910568,0.4299567937850952,0.5434845089912415,-0.09040931612253189,0.6210475564002991,0.48053452372550964,-0.026760203763842583,0.5832679867744446,0.3432559370994568,-0.05589044466614723,0.5626085996627808,0.2604030668735504,-0.08226632326841354,0.5496388673782349,0.1859755516052246,-0.10224452614784241,0.6834785342216492,0.4603182375431061,-0.03550339862704277,0.6733071208000183,0.3014788031578064,-0.058272719383239746,0.6681433916091919,0.20224529504776,-0.08082472532987595,0.6660904288291931,0.11818954348564148,-0.09836268424987793,0.7441408038139343,0.4746837615966797,-0.050268009305000305,0.7481243014335632,0.32299286127090454,-0.07601112127304077,0.7526681423187256,0.23051270842552185,-0.09335353970527649,0.7562591433525085,0.14976975321769714,-0.10609354823827744,0.8015658855438232,0.5153337121009827,-0.06868424266576767,0.8168652653694153,0.4013355076313019,-0.09182798862457275,0.8275139331817627,0.3279431462287903,-0.0992538332939148,0.8371690511703491,0.2600040137767792,-0.10427416115999222,Open
