0.5601524114608765,0.8584685921669006,-1.863237883981128e-07,0.534864604473114,0.7848103046417236,-0.0021383052226155996,0.4794253706932068,0.715365469455719,-0.00681276386603713,0.4304540455341339,0.6848585605621338,-0.010472159832715988,0.3988054394721985,0.7067840099334717,-0.014085662551224232,0.4652232825756073,0.717383086681366,-0.024686986580491066,0.3899252712726593,0.7455534338951111,-0.04240996763110161,0.40726152062416077,0.7650377750396729,-0.049855250865221024,0.43038424849510193,0.7609156370162964,-0.05198167264461517,0.4652908146381378,0.7676050662994385,-0.030514126643538475,0.39082950353622437,0.8001768589019775,-0.04330078884959221,0.413571298122406,0.8149538636207581,-0.039090052247047424,0.43827271461486816,0.8073923587799072,-0.0356619693338871,0.46489453315734863,0.821675717830658,-0.03621716424822807,0.40157467126846313,0.8470014333724976,-0.04746425896883011,0.42268645763397217,0.8568103313446045,-0.036289796233177185,0.44670891761779785,0.8504871726036072,-0.027843086048960686,0.4640790820121765,0.8757012486457825,-0.04169682785868645,0.41356608271598816,0.8866906762123108,-0.04846949130296707,0.43067383766174316,0.894004225730896,-0.038993388414382935,0.45135635137557983,0.8915650844573975,-0.03049217350780964,Thumbs_Up
0.5663403868675232,0.8661063313484192,-2.9204119300629827e-07,0.5408291220664978,0.789138674736023,0.0007567379507236183,0.4845515787601471,0.721143364906311,-0.003997886553406715,0.4320036768913269,0.6889052987098694,-0.008612735196948051,0.39608147740364075,0.7101644277572632,-0.013276556506752968,0.46718689799308777,0.715609610080719,-0.025486769154667854,0.3917246162891388,0.7428772449493408,-0.042693283408880234,0.407673716545105,0.7622072100639343,-0.04918024316430092,0.4313255846500397,0.7597088813781738,-0.05067295581102371,0.4659975469112396,0.7662903666496277,-0.032582949846982956,0.39290207624435425,0.798297107219696,-0.04467940703034401,0.41275620460510254,0.8119126558303833,-0.040009506046772,0.4364621043205261,0.8056007623672485,-0.03681236132979393,0.4650719463825226,0.8215417861938477,-0.039052482694387436,0.4022286534309387,0.8482889533042908,-0.049492232501506805,0.4224194884300232,0.8564569354057312,-0.03735470399260521,0.4464886784553528,0.8498316407203674,-0.028910955414175987,0.46443405747413635,0.876319408416748,-0.04503028839826584,0.41202667355537415,0.8878155946731567,-0.050753384828567505,0.42903849482536316,0.8937864303588867,-0.04014749079942703,0.45047518610954285,0.8893041610717773,-0.03142353519797325,Thumbs_Up
0.5706398487091064,0.8718190789222717,-3.125863941022544e-07,0.5458367466926575,0.7926651239395142,0.0014181033475324512,0.48891937732696533,0.7244315147399902,-0.0032352746929973364,0.4351361095905304,0.6899756193161011,-0.0078431386500597,0.39761316776275635,0.7090610861778259,-0.01232760027050972,0.4691323935985565,0.7152089476585388,-0.024874987080693245,0.3922329246997833,0.7426166534423828,-0.04200689494609833,0.40810221433639526,0.7629242539405823,-0.04843481630086899,0.431062787771225,0.7610921263694763,-0.05000370740890503,0.46642619371414185,0.7651599645614624,-0.03206063434481621,0.3927747309207916,0.798886239528656,-0.04404907673597336,0.41324445605278015,0.8134257197380066,-0.03897920623421669,0.43662944436073303,0.8073149919509888,-0.03555389866232872,0.4641934037208557,0.8198654055595398,-0.038586437702178955,0.40148499608039856,0.8486055731773376,-0.04832581430673599,0.42217132449150085,0.8572473526000977,-0.03588278219103813,0.44577670097351074,0.8504818081855774,-0.027491437271237373,0.4627804458141327,0.8741917610168457,-0.04465417191386223,0.41245394945144653,0.8885225057601929,-0.049724750220775604,0.4303356111049652,0.8949915170669556,-0.039297934621572495,0.451128214597702,0.89012610912323,-0.03082313947379589,Thumbs_Up
0.5734696984291077,0.8746901750564575,-3.0945736284593295e-07,0.5470737218856812,0.7947828769683838,0.0014305454678833485,0.48872917890548706,0.7255182862281799,-0.0034631439484655857,0.434099942445755,0.6917124390602112,-0.008393744938075542,0.39670509099960327,0.7128738760948181,-0.013196715153753757,0.46810585260391235,0.7144312858581543,-0.023946620523929596,0.3920598030090332,0.7426655292510986,-0.040890246629714966,0.40781113505363464,0.7633056640625,-0.04751387611031532,0.43027082085609436,0.7613795399665833,-0.04942850396037102,0.4658356010913849,0.7642540335655212,-0.03146440535783768,0.3929135501384735,0.799434244632721,-0.04329032450914383,0.4132978320121765,0.8140590190887451,-0.03838348761200905,0.43661338090896606,0.8078506588935852,-0.035239625722169876,0.46423548460006714,0.8192002773284912,-0.0383579358458519,0.40192243456840515,0.8490091562271118,-0.04796478524804115,0.42244234681129456,0.8577730655670166,-0.03556014969944954,0.4458880126476288,0.8507326245307922,-0.027340952306985855,0.46356382966041565,0.8738884329795837,-0.04482875391840935,0.4137849509716034,0.8890348672866821,-0.049597643315792084,0.4317184388637543,0.8958778381347656,-0.0390014722943306,0.45216038823127747,0.8907245993614197,-0.03051518090069294,Thumbs_Up
0.5718799829483032,0.8690423369407654,-2.8029322152178793e-07,0.5449308753013611,0.787821352481842,0.002244330011308193,0.4865691661834717,0.7170165777206421,-0.0023947155568748713,0.43311554193496704,0.6814972162246704,-0.007303380407392979,0.398134708404541,0.7048586010932922,-0.012190602719783783,0.46655434370040894,0.7128983736038208,-0.024329274892807007,0.3911583125591278,0.7374578714370728,-0.041325680911540985,0.4089079201221466,0.7553764581680298,-0.04885713756084442,0.43172621726989746,0.7523260712623596,-0.05152846872806549,0.46451205015182495,0.764501690864563,-0.032308369874954224,0.39186105132102966,0.7950047850608826,-0.044078927487134933,0.41263073682785034,0.8079124093055725,-0.03955741971731186,0.4366966187953949,0.8017539381980896,-0.03662411868572235,0.46282318234443665,0.8200410604476929,-0.039483603090047836,0.40296071767807007,0.8454113602638245,-0.047974955290555954,0.4228215217590332,0.8526903390884399,-0.0358455590903759,0.446270227432251,0.8455440998077393,-0.027993973344564438,0.46156400442123413,0.8739203810691833,-0.04626503214240074,0.4138621389865875,0.8850368857383728,-0.04879752919077873,0.4315349757671356,0.8914917707443237,-0.037195444107055664,0.45215684175491333,0.8876028060913086,-0.028422528877854347,Thumbs_Up
0.5725400447845459,0.8696597218513489,-3.0212731871870346e-07,0.5448042154312134,0.7881444096565247,0.003058117348700762,0.48601606488227844,0.7180950045585632,-0.0009884880855679512,0.4329281449317932,0.682267963886261,-0.005457185674458742,0.39754512906074524,0.7029375433921814,-0.00980030745267868,0.46669676899909973,0.7132270932197571,-0.023560447618365288,0.39113304018974304,0.7374149560928345,-0.04017562046647072,0.40871402621269226,0.7566511034965515,-0.046973250806331635,0.4322144687175751,0.7539148926734924,-0.04905582219362259,0.464618980884552,0.7641786932945251,-0.0316745862364769,0.3920029401779175,0.7953796982765198,-0.043031957000494,0.41298002004623413,0.8092494606971741,-0.03794759511947632,0.43701210618019104,0.8030929565429688,-0.03462634235620499,0.46273067593574524,0.8194087147712708,-0.038998596370220184,0.4023350775241852,0.846094012260437,-0.04707169160246849,0.42262208461761475,0.8538386225700378,-0.03453710302710533,0.4460085332393646,0.8467100858688354,-0.02649577707052231,0.4613572955131531,0.8734561204910278,-0.04590585082769394,0.41317176818847656,0.8859300017356873,-0.048389650881290436,0.43047353625297546,0.8919658660888672,-0.03702987730503082,0.45069965720176697,0.8876874446868896,-0.028463726863265038,Thumbs_Up
0.5732251405715942,0.8700500130653381,-3.0814294404990505e-07,0.5457206964492798,0.7885868549346924,0.002995526883751154,0.4868035614490509,0.7190994620323181,-0.0011309937108308077,0.4333682656288147,0.6834951639175415,-0.005672197788953781,0.3974451422691345,0.7036787867546082,-0.010009139776229858,0.46719956398010254,0.7123711705207825,-0.023381071165204048,0.3913966417312622,0.7377338409423828,-0.04017328843474388,0.4095897674560547,0.7568321824073792,-0.04710306599736214,0.4330829679965973,0.7540201544761658,-0.049273815006017685,0.4648416042327881,0.7632580399513245,-0.03149799630045891,0.3920464813709259,0.7955362200737,-0.042894523590803146,0.4133715033531189,0.8091339468955994,-0.0378226675093174,0.4372711777687073,0.8030922412872314,-0.03457754850387573,0.46268534660339355,0.8187221884727478,-0.038867268711328506,0.4024638831615448,0.8459843993186951,-0.04701976478099823,0.4230911135673523,0.8536296486854553,-0.034430310130119324,0.4463571608066559,0.846648633480072,-0.026399970054626465,0.4610312581062317,0.8731136918067932,-0.04583397135138512,0.4131012260913849,0.8859955668449402,-0.04848095402121544,0.4308474063873291,0.8919721841812134,-0.03715868666768074,0.4510921537876129,0.8876949548721313,-0.02859622798860073,Thumbs_Up
0.5712695121765137,0.8679050207138062,-2.921090072049992e-07,0.5438311696052551,0.7869843244552612,0.0025656346697360277,0.48580965399742126,0.7165959477424622,-0.002852040808647871,0.43176940083503723,0.6817176938056946,-0.008154068142175674,0.3948521316051483,0.7039992809295654,-0.01364984642714262,0.46731120347976685,0.7107213735580444,-0.029668597504496574,0.39015114307403564,0.7366809844970703,-0.04539688676595688,0.40659505128860474,0.7531205415725708,-0.050298433750867844,0.42836347222328186,0.7499499917030334,-0.05133499577641487,0.46694472432136536,0.7631105184555054,-0.03798971697688103,0.39093291759490967,0.7928075790405273,-0.04895884916186333,0.41192227602005005,0.8042616248130798,-0.042846113443374634,0.43576958775520325,0.7988173365592957,-0.03931024298071861,0.466786652803421,0.8191426992416382,-0.04485221207141876,0.4009985625743866,0.8422445058822632,-0.05332500860095024,0.4216185212135315,0.8489329218864441,-0.03984194993972778,0.4459511637687683,0.8433061838150024,-0.0313328318297863,0.466859370470047,0.8739801645278931,-0.05106185004115105,0.41400259733200073,0.8820357918739319,-0.05519981309771538,0.4312259554862976,0.8866777420043945,-0.0435795821249485,0.4525591731071472,0.8833473920822144,-0.034692615270614624,Thumbs_Up
0.5715363025665283,0.8679652214050293,-2.8922787009832973e-07,0.5440607070922852,0.7872838973999023,0.002355982083827257,0.48595499992370605,0.7155978679656982,-0.0024773015175014734,0.4320552349090576,0.6794596910476685,-0.007055181544274092,0.3959372937679291,0.702489972114563,-0.011715510860085487,0.4676118791103363,0.7112295031547546,-0.029090646654367447,0.39064913988113403,0.7334200739860535,-0.04420457035303116,0.40490761399269104,0.7522445917129517,-0.048159439116716385,0.4266892969608307,0.7510299682617188,-0.048472508788108826,0.46616145968437195,0.7624190449714661,-0.03686580806970596,0.3909672200679779,0.7915547490119934,-0.047570113092660904,0.4112410247325897,0.8050538301467896,-0.04093550890684128,0.43513908982276917,0.7994340658187866,-0.03684089332818985,0.4649164080619812,0.8176268339157104,-0.04327235370874405,0.400646448135376,0.8415766358375549,-0.051200639456510544,0.4210341274738312,0.8490474224090576,-0.03784487023949623,0.44488832354545593,0.842924952507019,-0.02950047142803669,0.46429339051246643,0.8717418313026428,-0.04906975477933884,0.4137900769710541,0.8811452388763428,-0.05240148305892944,0.43089359998703003,0.8864597082138062,-0.040988240391016006,0.45143991708755493,0.8827670216560364,-0.032448310405015945,Thumbs_Up
0.5718076825141907,0.8683569431304932,-2.9345682150960783e-07,0.543923556804657,0.7868872284889221,0.0018286560662090778,0.4853704571723938,0.7153064012527466,-0.003375647123903036,0.430550754070282,0.6799685955047607,-0.008093880489468575,0.3938750624656677,0.7030510306358337,-0.012806806713342667,0.4688333570957184,0.710409939289093,-0.03034297376871109,0.39155668020248413,0.7319633960723877,-0.04528198763728142,0.40512359142303467,0.7513678669929504,-0.04858197644352913,0.4267078936100006,0.751090943813324,-0.04847840592265129,0.4671163558959961,0.7620260119438171,-0.03790106996893883,0.39123862981796265,0.7905972003936768,-0.048708055168390274,0.4112944006919861,0.804661214351654,-0.04182123392820358,0.43529489636421204,0.7994982600212097,-0.037599775940179825,0.46559998393058777,0.8174955248832703,-0.0440235361456871,0.40081772208213806,0.8410544991493225,-0.05196281149983406,0.4209795296192169,0.8486325740814209,-0.03829586133360863,0.44475966691970825,0.8426187038421631,-0.029842684045433998,0.4647264778614044,0.8717775940895081,-0.049552250653505325,0.4139886796474457,0.8805158138275146,-0.05291315168142319,0.43092188239097595,0.885757565498352,-0.04140540584921837,0.4511790871620178,0.8821354508399963,-0.032898884266614914,Thumbs_Up
0.5734646916389465,0.8669776320457458,-3.034691644643317e-07,0.5459179878234863,0.7867223620414734,0.0015714340843260288,0.48632264137268066,0.7157232761383057,-0.0037528264801949263,0.4308426082134247,0.6808262467384338,-0.008937377482652664,0.3942508101463318,0.7036890387535095,-0.013820450752973557,0.4688268303871155,0.7074849605560303,-0.02871885523200035,0.3901578187942505,0.7327958941459656,-0.04583155736327171,0.4068778157234192,0.7520750164985657,-0.05071023479104042,0.42944231629371643,0.7497164011001587,-0.051378801465034485,0.46817490458488464,0.7576603889465332,-0.03682418912649155,0.39120781421661377,0.7898662686347961,-0.049528658390045166,0.41308897733688354,0.8033208250999451,-0.042982447892427444,0.4365886449813843,0.7966251373291016,-0.03856923431158066,0.46722424030303955,0.8132542967796326,-0.043977510184049606,0.40157580375671387,0.8394949436187744,-0.05404713749885559,0.42307040095329285,0.8477600812911987,-0.039963122457265854,0.4465845227241516,0.8413342833518982,-0.030508557334542274,0.4665412902832031,0.8689227104187012,-0.050643015652894974,0.4145504832267761,0.8793763518333435,-0.055392105132341385,0.43255487084388733,0.8849387168884277,-0.04385271668434143,0.45302191376686096,0.8812130689620972,-0.034872014075517654,Thumbs_Up
0.5739279985427856,0.8669532537460327,-2.9940093781988253e-07,0.5456300973892212,0.7866350412368774,0.0012368432944640517,0.4856422543525696,0.7152981758117676,-0.004482882563024759,0.42956972122192383,0.6803277134895325,-0.009894727729260921,0.39297419786453247,0.7047103643417358,-0.015021015889942646,0.4685359299182892,0.7061588764190674,-0.03001195751130581,0.3900749087333679,0.7324956655502319,-0.04713251814246178,0.40675026178359985,0.7518002986907959,-0.05145624279975891,0.429033488035202,0.749420166015625,-0.051722537726163864,0.46831047534942627,0.7565398216247559,-0.0381033793091774,0.39126697182655334,0.7895296812057495,-0.05101040005683899,0.4132024347782135,0.8033514618873596,-0.044151559472084045,0.43664979934692383,0.7966113686561584,-0.03951830789446831,0.4676278829574585,0.812533438205719,-0.04516707360744476,0.40198540687561035,0.8395171165466309,-0.05546059086918831,0.42334219813346863,0.8478317260742188,-0.041180286556482315,0.4467368423938751,0.8410745859146118,-0.03159480541944504,0.46699777245521545,0.8687387704849243,-0.05172397941350937,0.4149702191352844,0.8794296383857727,-0.056586120277643204,0.4329180121421814,0.8850911855697632,-0.04495309665799141,0.4532196521759033,0.8809854984283447,-0.035910069942474365,Thumbs_Up
0.5744787454605103,0.8669745326042175,-3.027085995199741e-07,0.5462866425514221,0.7865338325500488,0.0012466853950172663,0.48577895760536194,0.7158836126327515,-0.00444105826318264,0.4294138550758362,0.6811920404434204,-0.009927110746502876,0.39249545335769653,0.7051899433135986,-0.015068180859088898,0.46881377696990967,0.7058702111244202,-0.029107118025422096,0.38988441228866577,0.7329559326171875,-0.04664302617311478,0.4069645404815674,0.7525405287742615,-0.051513589918613434,0.42949655652046204,0.7499558925628662,-0.052080556750297546,0.46824103593826294,0.7565074563026428,-0.03720586746931076,0.3913126587867737,0.7897422313690186,-0.05036930367350578,0.41340798139572144,0.8035585880279541,-0.04378943145275116,0.4368584156036377,0.7967144250869751,-0.0392831414937973,0.46730637550354004,0.8126224279403687,-0.04438916593790054,0.402105450630188,0.8395518064498901,-0.05486292019486427,0.42348846793174744,0.8479517102241516,-0.040710944682359695,0.4467850625514984,0.8411917090415955,-0.03112838976085186,0.46650832891464233,0.8686903715133667,-0.05110380798578262,0.41485822200775146,0.8792009353637695,-0.055988069623708725,0.43275851011276245,0.885170042514801,-0.0444437600672245,0.45292332768440247,0.8811771869659424,-0.035411227494478226,Thumbs_Up
0.5726982951164246,0.8677952885627747,-2.9662376732630946e-07,0.5461941957473755,0.7842156887054443,0.0019379276782274246,0.486144095659256,0.7119406461715698,-0.0032267931383103132,0.4308132529258728,0.6762000322341919,-0.008361118845641613,0.39442014694213867,0.6994301676750183,-0.013293665833771229,0.46717211604118347,0.7067490816116333,-0.02835889719426632,0.3892439305782318,0.7316529154777527,-0.04555092751979828,0.40771979093551636,0.7491857409477234,-0.051397692412137985,0.4311651289463043,0.745727002620697,-0.052833639085292816,0.4657957851886749,0.7592868208885193,-0.03654903545975685,0.3911234140396118,0.7885685563087463,-0.04866290092468262,0.4134623408317566,0.8005221486091614,-0.04257279261946678,0.43752652406692505,0.7938414812088013,-0.03879750892519951,0.4648628234863281,0.8154221177101135,-0.043735675513744354,0.4014624059200287,0.8379719853401184,-0.05299606919288635,0.422728568315506,0.8455742597579956,-0.03920886293053627,0.4465174674987793,0.8395068645477295,-0.030264779925346375,0.46453574299812317,0.870154619216919,-0.05045272782444954,0.4139004349708557,0.8777951002120972,-0.054208192974328995,0.43162572383880615,0.8837572932243347,-0.04234577342867851,0.45235976576805115,0.880684494972229,-0.03333975002169609,Thumbs_Up
0.5720891356468201,0.8680488467216492,-3.098076604146627e-07,0.5461298823356628,0.7848995923995972,0.0018547966610640287,0.4862211048603058,0.7130175232887268,-0.0032871291041374207,0.43081149458885193,0.6769976019859314,-0.008195804432034492,0.39405661821365356,0.6991370916366577,-0.012845716439187527,0.4683043956756592,0.7059431672096252,-0.029622457921504974,0.3894173204898834,0.730728805065155,-0.04639394208788872,0.4068355858325958,0.7493687868118286,-0.05124080553650856,0.43026554584503174,0.7474347352981567,-0.05199655517935753,0.4666745364665985,0.7576918601989746,-0.03750281780958176,0.39135560393333435,0.7879616022109985,-0.04956967383623123,0.4135879874229431,0.8005784749984741,-0.04307785630226135,0.4374883472919464,0.7941686511039734,-0.03907298296689987,0.46524468064308167,0.8136711716651917,-0.04424209147691727,0.4018149971961975,0.8376695513725281,-0.05347675085067749,0.42345577478408813,0.8453645706176758,-0.03952082246541977,0.44695979356765747,0.8392436504364014,-0.030603008344769478,0.4643978774547577,0.8688704967498779,-0.05046527460217476,0.4144705533981323,0.877419650554657,-0.054600995033979416,0.4327404201030731,0.8834164142608643,-0.04305149242281914,0.4529936909675598,0.8800454139709473,-0.034333158284425735,Thumbs_Up
0.5726643800735474,0.8680292367935181,-3.112405408955965e-07,0.546442449092865,0.7848737835884094,0.0021075671538710594,0.48671233654022217,0.7131452560424805,-0.0030014736112207174,0.43120449781417847,0.6776888370513916,-0.007990336045622826,0.39416083693504333,0.699523389339447,-0.012803168036043644,0.4680049419403076,0.7055787444114685,-0.028720706701278687,0.38927239179611206,0.732141375541687,-0.04558137431740761,0.40682166814804077,0.7510626316070557,-0.05082659050822258,0.43024614453315735,0.7488991022109985,-0.05185963958501816,0.4665493071079254,0.7572492957115173,-0.03672225400805473,0.39179322123527527,0.7889726161956787,-0.04875790327787399,0.41402727365493774,0.8015731573104858,-0.04258209094405174,0.4380376935005188,0.7948299050331116,-0.038803111761808395,0.4654398262500763,0.8131113648414612,-0.043597616255283356,0.40252137184143066,0.8383804559707642,-0.05283285304903984,0.4239163398742676,0.846207320690155,-0.03921565040946007,0.44736501574516296,0.8396873474121094,-0.030483152717351913,0.4648146629333496,0.8681875467300415,-0.04993434250354767,0.4147547483444214,0.8777121901512146,-0.05395910143852234,0.43265119194984436,0.8840649724006653,-0.042538344860076904,0.4527755379676819,0.8804269433021545,-0.03386111557483673,Thumbs_Up
0.57384192943573,0.8661216497421265,-3.039540672489238e-07,0.5454888939857483,0.7847601771354675,0.0009608182590454817,0.48521724343299866,0.711540699005127,-0.004928739741444588,0.42998871207237244,0.6763968467712402,-0.010536160320043564,0.394189715385437,0.7010613083839417,-0.016014790162444115,0.47009146213531494,0.7049298286437988,-0.03035503625869751,0.3907860517501831,0.7308440208435059,-0.04837637022137642,0.40717267990112305,0.7504662275314331,-0.05406919866800308,0.4302864074707031,0.7484118938446045,-0.05515669286251068,0.46970105171203613,0.7563087940216064,-0.03851386159658432,0.3922755718231201,0.7891696095466614,-0.05204907804727554,0.4138375520706177,0.802396833896637,-0.046053703874349594,0.4380747675895691,0.7954680919647217,-0.04194791615009308,0.46903038024902344,0.8123241662979126,-0.0457400418817997,0.4035884141921997,0.8384745121002197,-0.056500282138586044,0.42460349202156067,0.8458053469657898,-0.04317755252122879,0.4482795000076294,0.8384571671485901,-0.034144628793001175,0.46833428740501404,0.8673804998397827,-0.05248653516173363,0.41607189178466797,0.8766226768493652,-0.05742127075791359,0.4338871240615845,0.8826835751533508,-0.04608407989144325,0.45453840494155884,0.8791946768760681,-0.03728429973125458,Thumbs_Up
0.5738533735275269,0.865649938583374,-2.976811686039582e-07,0.5455136895179749,0.784714937210083,0.0007886491948738694,0.4853605628013611,0.711782693862915,-0.005216866731643677,0.43026140332221985,0.6769365668296814,-0.010948206298053265,0.39455801248550415,0.7023196220397949,-0.01655684784054756,0.4698646068572998,0.7046632170677185,-0.030525781214237213,0.3901771306991577,0.731157124042511,-0.048614732921123505,0.4065970778465271,0.7510016560554504,-0.054208047688007355,0.42926347255706787,0.7484261989593506,-0.0552518256008625,0.46986401081085205,0.7560433149337769,-0.03866789489984512,0.39215633273124695,0.7889507412910461,-0.05237594246864319,0.413577139377594,0.8024256229400635,-0.04636501148343086,0.4376467764377594,0.7954882383346558,-0.042250245809555054,0.46941277384757996,0.8122422099113464,-0.04587889462709427,0.40344947576522827,0.8386645317077637,-0.05691869184374809,0.4244765341281891,0.8464051485061646,-0.04355919361114502,0.4483555555343628,0.8392912745475769,-0.03443637862801552,0.4686333239078522,0.8676352500915527,-0.0526142418384552,0.41587814688682556,0.8772132396697998,-0.05787065997719765,0.4336114525794983,0.8833060264587402,-0.04668540135025978,0.45443373918533325,0.8794958591461182,-0.03792555630207062,Thumbs_Up
0.5739141702651978,0.8659159541130066,-3.0066172485021525e-07,0.545633852481842,0.7848352193832397,0.0008481192635372281,0.48536813259124756,0.7118539214134216,-0.005078798159956932,0.4301252067089081,0.6768453121185303,-0.01070509385317564,0.3942541480064392,0.7016913890838623,-0.016204839572310448,0.4700782895088196,0.7047500610351562,-0.030585376545786858,0.3906400799751282,0.7308939695358276,-0.04850573465228081,0.40699097514152527,0.7506895661354065,-0.05397242680191994,0.42975056171417236,0.7483659386634827,-0.054957546293735504,0.4699014127254486,0.7560939192771912,-0.03872595354914665,0.39224278926849365,0.7888461351394653,-0.05233399569988251,0.41365721821784973,0.8023568987846375,-0.04627593979239464,0.43776610493659973,0.7954943776130676,-0.04213068634271622,0.46931225061416626,0.812245786190033,-0.045910440385341644,0.4034748673439026,0.8386039733886719,-0.05682101845741272,0.42445001006126404,0.8462989926338196,-0.04346265643835068,0.4482572078704834,0.8391060829162598,-0.03437682241201401,0.46850454807281494,0.8676180839538574,-0.05261129513382912,0.41585177183151245,0.8771340847015381,-0.057768095284700394,0.43355655670166016,0.8832075595855713,-0.046551767736673355,0.4543207585811615,0.8794612288475037,-0.03779943659901619,Thumbs_Up
0.5749526023864746,0.86583411693573,-3.0157391961438407e-07,0.5478976964950562,0.781719982624054,0.0016442642081528902,0.4876880347728729,0.7085736989974976,-0.0036662803031504154,0.4324395954608917,0.6729909181594849,-0.008982867933809757,0.39563339948654175,0.6961557865142822,-0.014169964008033276,0.4686872959136963,0.704581618309021,-0.028163960203528404,0.39133718609809875,0.730640172958374,-0.04590192064642906,0.4094184637069702,0.7498669624328613,-0.05212380737066269,0.432741641998291,0.746706485748291,-0.053788602352142334,0.46737051010131836,0.7572638392448425,-0.03657068312168121,0.39311131834983826,0.787801206111908,-0.04974641650915146,0.41548964381217957,0.800112247467041,-0.04417795687913895,0.4396139979362488,0.7926807999610901,-0.04039836302399635,0.46660611033439636,0.8135007619857788,-0.044074587523937225,0.4044078588485718,0.8378808498382568,-0.05415881797671318,0.4258710741996765,0.8450030088424683,-0.040863998234272,0.44945573806762695,0.8375330567359924,-0.03197626769542694,0.46676766872406006,0.867889940738678,-0.05112464725971222,0.41676968336105347,0.8769844174385071,-0.055206917226314545,0.43447545170783997,0.8826859593391418,-0.04358087107539177,0.45491209626197815,0.8787977695465088,-0.03462615981698036,Thumbs_Up
0.5756966471672058,0.866193950176239,-3.004751079060952e-07,0.5488480925559998,0.7819051146507263,0.0021389771718531847,0.48839032649993896,0.7093783020973206,-0.0031246591825038195,0.4329128861427307,0.6731514930725098,-0.008405732922255993,0.39594465494155884,0.6960122585296631,-0.013454707339406013,0.4696345925331116,0.7038450241088867,-0.027972951531410217,0.39144039154052734,0.7298045754432678,-0.04532812163233757,0.40951162576675415,0.7485741376876831,-0.05129975453019142,0.43256211280822754,0.7452201247215271,-0.052767250686883926,0.46770212054252625,0.7568071484565735,-0.03631193935871124,0.3930404782295227,0.7861694693565369,-0.0486798919737339,0.41526031494140625,0.7984039187431335,-0.0427093431353569,0.438973993062973,0.7917453050613403,-0.038851261138916016,0.4661194682121277,0.8133969902992249,-0.043652746826410294,0.40302175283432007,0.8364567160606384,-0.05290026590228081,0.424921452999115,0.8439406156539917,-0.03897562250494957,0.44860172271728516,0.837505042552948,-0.029903914779424667,0.4654557406902313,0.8683434724807739,-0.050536807626485825,0.41512158513069153,0.8766216039657593,-0.05412101373076439,0.4332238435745239,0.8823753595352173,-0.04212697967886925,0.4536493718624115,0.8787710666656494,-0.0330272801220417,Thumbs_Up
0.5760425329208374,0.8663374781608582,-3.0280290275186417e-07,0.5488908886909485,0.7817019820213318,0.002373212017118931,0.48820677399635315,0.7095573544502258,-0.00287018995732069,0.4327784776687622,0.6737901568412781,-0.00823269970715046,0.3958980441093445,0.6966142654418945,-0.013383950106799603,0.46936511993408203,0.7036818265914917,-0.027707530185580254,0.39152079820632935,0.7299075126647949,-0.04503249004483223,0.4097198247909546,0.7488651275634766,-0.05106385424733162,0.43281617760658264,0.7454548478126526,-0.05261921510100365,0.4674912393093109,0.756797730922699,-0.036223430186510086,0.3933209180831909,0.7865645885467529,-0.04861817881464958,0.4155429005622864,0.7987596392631531,-0.042701587080955505,0.439299076795578,0.7920234203338623,-0.03890259563922882,0.4660050570964813,0.8134680390357971,-0.043735746294260025,0.40340328216552734,0.8366261124610901,-0.05293324217200279,0.4250948131084442,0.843955397605896,-0.0390913225710392,0.44871753454208374,0.8374205827713013,-0.03009989857673645,0.46550488471984863,0.8682090044021606,-0.050783198326826096,0.41538336873054504,0.8764382004737854,-0.05422953888773918,0.4333464205265045,0.8821293115615845,-0.04221209138631821,0.453773558139801,0.8786183595657349,-0.033121366053819656,Thumbs_Up
0.5763301253318787,0.8698920607566833,-3.3702391988299496e-07,0.5498160123825073,0.7886679768562317,0.0015590189723297954,0.48926326632499695,0.715563178062439,-0.00381464627571404,0.4337972104549408,0.6790348887443542,-0.009013712406158447,0.3971174955368042,0.701236367225647,-0.013949674554169178,0.4732044041156769,0.7020745277404785,-0.029702598229050636,0.393179714679718,0.7288013696670532,-0.0475308820605278,0.40951603651046753,0.7516759634017944,-0.05284640192985535,0.4327218234539032,0.7504746913909912,-0.05386866629123688,0.47196006774902344,0.7529711723327637,-0.03820155933499336,0.39342889189720154,0.7869144678115845,-0.05226878821849823,0.4153164029121399,0.8032042980194092,-0.04624265432357788,0.4399632215499878,0.7970767021179199,-0.04192524775862694,0.4700529873371124,0.8094744086265564,-0.045764051377773285,0.4041445851325989,0.8377365469932556,-0.05675394460558891,0.4258110523223877,0.8476192355155945,-0.0431465245783329,0.44976451992988586,0.8407893180847168,-0.03382987901568413,0.46824267506599426,0.8659796118736267,-0.052844952791929245,0.4163375496864319,0.8782534003257751,-0.05805341154336929,0.43438631296157837,0.8857532739639282,-0.04698548838496208,0.45467808842658997,0.8820003271102905,-0.03832002729177475,Thumbs_Up
0.5756382942199707,0.8689436316490173,-3.104610186710488e-07,0.5490288138389587,0.787772536277771,0.0014404262183234096,0.48867425322532654,0.7131160497665405,-0.00351591850630939,0.434090256690979,0.6764997839927673,-0.00849979743361473,0.39908984303474426,0.7002832293510437,-0.013339081779122353,0.4706203043460846,0.7026340961456299,-0.02696506306529045,0.39328187704086304,0.7299519777297974,-0.044528450816869736,0.41021791100502014,0.7505388855934143,-0.050430525094270706,0.4329259991645813,0.7475607395172119,-0.051923155784606934,0.470406174659729,0.7529181838035583,-0.03544487804174423,0.39372873306274414,0.7871004939079285,-0.04913453757762909,0.4152708947658539,0.8015540242195129,-0.04358146712183952,0.4395333528518677,0.7943183779716492,-0.03954710438847542,0.4695238769054413,0.8088198900222778,-0.04316239431500435,0.404636949300766,0.8368846774101257,-0.05424296855926514,0.425618976354599,0.845569372177124,-0.04148326441645622,0.4492887258529663,0.837799072265625,-0.03255653753876686,0.46863502264022827,0.8645250797271729,-0.05042780935764313,0.41665786504745483,0.8760373592376709,-0.05544741079211235,0.434553861618042,0.8837816119194031,-0.04440384358167648,0.45530128479003906,0.8805871605873108,-0.03564190864562988,Thumbs_Up
0.5762025713920593,0.8686638474464417,-3.0956496743783646e-07,0.5495167374610901,0.7877600789070129,0.001415687263943255,0.489033579826355,0.7140355110168457,-0.0035852035507559776,0.43416887521743774,0.6774940490722656,-0.008498573675751686,0.3984016478061676,0.7008618116378784,-0.013228111900389194,0.4712308347225189,0.7024790644645691,-0.027624070644378662,0.3939741551876068,0.7305159568786621,-0.04471869394183159,0.4106277525424957,0.751702070236206,-0.04988755285739899,0.4332163631916046,0.7492352724075317,-0.05094325542449951,0.47046831250190735,0.7531470656394958,-0.03602368012070656,0.3941999077796936,0.7873327136039734,-0.04942535236477852,0.4154752790927887,0.8025122284889221,-0.04358213022351265,0.4395488500595093,0.7957801222801208,-0.03946636617183685,0.4692389965057373,0.8094639182090759,-0.043562740087509155,0.404760479927063,0.8377699851989746,-0.0543990284204483,0.42563268542289734,0.8472177386283875,-0.041391875594854355,0.44922906160354614,0.8400819301605225,-0.032467979937791824,0.4681053161621094,0.8656561374664307,-0.05064237490296364,0.41687092185020447,0.8776880502700806,-0.055757611989974976,0.4345107674598694,0.8855316638946533,-0.04489237070083618,0.45475178956985474,0.8820101618766785,-0.036318909376859665,Thumbs_Up
0.5762659311294556,0.8694169521331787,-3.0864504196870257e-07,0.5482648015022278,0.7885161638259888,0.001638181391172111,0.4893534183502197,0.7151274085044861,-0.0035816102754324675,0.4344240128993988,0.6793428659439087,-0.008760033175349236,0.3982588052749634,0.702873945236206,-0.013924021273851395,0.4703957736492157,0.7073390483856201,-0.028301386162638664,0.39287900924682617,0.7338575124740601,-0.04481768235564232,0.4090367555618286,0.7551026344299316,-0.04927794262766838,0.4319959282875061,0.753716230392456,-0.04976049065589905,0.47061479091644287,0.7577148675918579,-0.03647799417376518,0.39453306794166565,0.7910110950469971,-0.048638056963682175,0.41546058654785156,0.8058315515518188,-0.042248066514730453,0.4391532838344574,0.7992381453514099,-0.038260504603385925,0.4710145890712738,0.8133974671363831,-0.043641023337841034,0.40487924218177795,0.8398316502571106,-0.05408387631177902,0.42596542835235596,0.8491604924201965,-0.04077412188053131,0.45022889971733093,0.8427218198776245,-0.03193461894989014,0.4714256525039673,0.8691120147705078,-0.05019300803542137,0.4176813066005707,0.8795633912086487,-0.05556632578372955,0.43566128611564636,0.886516273021698,-0.04452046751976013,0.4571126103401184,0.8828890323638916,-0.035888489335775375,Thumbs_Up
0.5761352777481079,0.8695211410522461,-3.162548409818555e-07,0.5487082004547119,0.7890563607215881,0.0016552996821701527,0.4891277253627777,0.7164927124977112,-0.0035032248124480247,0.4339268207550049,0.6805616617202759,-0.008498722687363625,0.39821261167526245,0.7046723961830139,-0.013397274538874626,0.4716116786003113,0.7071628570556641,-0.028705330565571785,0.393515020608902,0.7321202158927917,-0.04496771842241287,0.4090154767036438,0.7540379762649536,-0.04916040971875191,0.4316197335720062,0.7532757520675659,-0.049563489854335785,0.4715012311935425,0.7573819756507874,-0.03678593039512634,0.39378947019577026,0.7901309132575989,-0.049018505960702896,0.4147823452949524,0.805634081363678,-0.042304422706365585,0.438814640045166,0.7995691299438477,-0.03798640891909599,0.4713544249534607,0.8130857348442078,-0.043809618800878525,0.4038120210170746,0.8392811417579651,-0.054217662662267685,0.4250892698764801,0.8486595749855042,-0.04061548411846161,0.44958025217056274,0.8423640727996826,-0.03154442459344864,0.47132644057273865,0.8687968254089355,-0.05020845681428909,0.4175211191177368,0.8797034025192261,-0.05569908767938614,0.43562817573547363,0.886518657207489,-0.04468931630253792,0.4570537507534027,0.8827771544456482,-0.03610856831073761,Thumbs_Up
0.5757491588592529,0.8691143989562988,-3.143530591387389e-07,0.5478951930999756,0.7886962890625,0.001702863723039627,0.4886493682861328,0.715916097164154,-0.0034741421695798635,0.43371641635894775,0.6800469160079956,-0.008516560308635235,0.3983142077922821,0.7042859196662903,-0.01355902012437582,0.47108566761016846,0.7070441246032715,-0.028857527300715446,0.39330920577049255,0.7320956587791443,-0.045033495873212814,0.40852242708206177,0.7541617155075073,-0.04918278753757477,0.43107593059539795,0.7538080811500549,-0.04958508908748627,0.4712842106819153,0.7571841478347778,-0.03700660914182663,0.3938297629356384,0.7905318737030029,-0.04924457520246506,0.41461390256881714,0.8060899972915649,-0.04263328015804291,0.438628226518631,0.7998504042625427,-0.038411740213632584,0.47136688232421875,0.8128311634063721,-0.04406702145934105,0.4043539762496948,0.8394412994384766,-0.0544683001935482,0.42534181475639343,0.8486853837966919,-0.04109419882297516,0.4496557116508484,0.8420971035957336,-0.0321953110396862,0.47150033712387085,0.8683897256851196,-0.05048583447933197,0.41781365871429443,0.879483699798584,-0.055881232023239136,0.4357116222381592,0.886322557926178,-0.04491298273205757,0.45704057812690735,0.8824979066848755,-0.03639354929327965,Thumbs_Up
0.575914204120636,0.8692014813423157,-2.9997818273841403e-07,0.5480695962905884,0.7871496677398682,0.00129749218467623,0.4888494908809662,0.7149673700332642,-0.004236484412103891,0.43414491415023804,0.6786137819290161,-0.009378465823829174,0.3974987864494324,0.7006675004959106,-0.014493596740067005,0.4715041220188141,0.707895815372467,-0.03110397793352604,0.39294201135635376,0.7349568605422974,-0.04709622263908386,0.409307599067688,0.7550435066223145,-0.05080631747841835,0.43146759271621704,0.7530804872512817,-0.050959426909685135,0.47122523188591003,0.7601849436759949,-0.03895023092627525,0.3949663043022156,0.7927305698394775,-0.05101694539189339,0.4156199097633362,0.8067231774330139,-0.04428133741021156,0.43904271721839905,0.8001750111579895,-0.040217701345682144,0.47046205401420593,0.8166840076446533,-0.045548971742391586,0.40563055872917175,0.8423773646354675,-0.05505973473191261,0.4257272183895111,0.8509970903396606,-0.04148254171013832,0.44902005791664124,0.8444543480873108,-0.03285728767514229,0.46948134899139404,0.8722060322761536,-0.05158885940909386,0.41773369908332825,0.8817949891090393,-0.05593988299369812,0.43504568934440613,0.8886222243309021,-0.044647298753261566,0.4553670287132263,0.884964644908905,-0.036149755120277405,Thumbs_Up
0.5750254988670349,0.8698553442955017,-2.945220956007688e-07,0.5475960969924927,0.7866435050964355,0.0011532314820215106,0.4893077611923218,0.7137527465820312,-0.004701885394752026,0.4345007836818695,0.6775789856910706,-0.009947882033884525,0.39783695340156555,0.7007427215576172,-0.015215825289487839,0.4717666804790497,0.7086319327354431,-0.03255612775683403,0.3928215205669403,0.7360766530036926,-0.04841534048318863,0.40914249420166016,0.7545737028121948,-0.05190582573413849,0.4308674931526184,0.751970648765564,-0.05190572142601013,0.4718431830406189,0.7610500454902649,-0.04020131379365921,0.3950294852256775,0.793417751789093,-0.051898423582315445,0.41588854789733887,0.8060021996498108,-0.0448722168803215,0.4391891658306122,0.7990277409553528,-0.04076754301786423,0.47125935554504395,0.8173772096633911,-0.04645606130361557,0.4055224657058716,0.8424921035766602,-0.05575286224484444,0.4257790744304657,0.8502740859985352,-0.04186609014868736,0.4491589367389679,0.8437901735305786,-0.03310476988554001,0.4702814519405365,0.8728402853012085,-0.052102476358413696,0.41745486855506897,0.8822047710418701,-0.056488633155822754,0.4349900186061859,0.8884328007698059,-0.044953469187021255,0.45567429065704346,0.8849760890007019,-0.03627810627222061,Thumbs_Up
0.5751473307609558,0.8694091439247131,-2.900675042383227e-07,0.5476046204566956,0.7867405414581299,0.001223420025780797,0.48912733793258667,0.7135361433029175,-0.004489860963076353,0.43464773893356323,0.6771420836448669,-0.00973843690007925,0.3985949456691742,0.7007265686988831,-0.014944770373404026,0.4711587727069855,0.7090230584144592,-0.03155665099620819,0.39237159490585327,0.7361091375350952,-0.04785690829157829,0.4096495807170868,0.7544917464256287,-0.05191570520401001,0.4318346679210663,0.751201331615448,-0.05222972854971886,0.4712538719177246,0.7614333033561707,-0.03937216475605965,0.39483773708343506,0.7931530475616455,-0.05139514431357384,0.41630712151527405,0.8058926463127136,-0.04459941014647484,0.43978068232536316,0.7987533807754517,-0.04047403484582901,0.47081589698791504,0.817677915096283,-0.04591163620352745,0.40545859932899475,0.8424256443977356,-0.055448487401008606,0.42618054151535034,0.8503859639167786,-0.04159846901893616,0.44972190260887146,0.8437610268592834,-0.03269748389720917,0.4700196087360382,0.8729681372642517,-0.051880788058042526,0.4174766540527344,0.881905198097229,-0.0562228225171566,0.4351775348186493,0.8882312774658203,-0.04458978399634361,0.45592620968818665,0.8846546411514282,-0.03575536981225014,Thumbs_Up
0.5746334791183472,0.8690099716186523,-2.9184150207584025e-07,0.547465443611145,0.7885664701461792,0.0017889777664095163,0.4891313314437866,0.7161285877227783,-0.003656447399407625,0.43504267930984497,0.679368793964386,-0.00920532364398241,0.3988448679447174,0.7013309001922607,-0.014810103923082352,0.4707307517528534,0.7082980871200562,-0.029256412759423256,0.39119356870651245,0.7337583303451538,-0.046974554657936096,0.40809041261672974,0.7519521713256836,-0.05273594334721565,0.4309912919998169,0.7491562366485596,-0.05396581441164017,0.4707919955253601,0.7601203918457031,-0.03792370483279228,0.3928338289260864,0.7899128198623657,-0.050892386585474014,0.41410019993782043,0.8029208779335022,-0.04528287425637245,0.43805763125419617,0.796936571598053,-0.041611917316913605,0.4711686372756958,0.8167744874954224,-0.0455433614552021,0.4050978422164917,0.8407003283500671,-0.0562862865626812,0.42646685242652893,0.8484005928039551,-0.04307370260357857,0.45099422335624695,0.8427290916442871,-0.0340990386903286,0.47161155939102173,0.8725552558898926,-0.05258464440703392,0.41845476627349854,0.8809356093406677,-0.057888779789209366,0.43600359559059143,0.886171281337738,-0.046542663127183914,0.4572897255420685,0.882570207118988,-0.037634145468473434,Thumbs_Up
0.5754980444908142,0.8694727420806885,-3.030457094155281e-07,0.5479097366333008,0.7887108325958252,0.0011924568098038435,0.4887690246105194,0.7166358232498169,-0.0045875622890889645,0.4340045154094696,0.6809245347976685,-0.010309349745512009,0.39682286977767944,0.7029446363449097,-0.016027117148041725,0.47168171405792236,0.7072876691818237,-0.029552621766924858,0.39247483015060425,0.7337912321090698,-0.04721815884113312,0.40925148129463196,0.753339409828186,-0.05282125994563103,0.4321303367614746,0.7512614130973816,-0.054026324301958084,0.4710730016231537,0.7591196298599243,-0.03795011341571808,0.394159197807312,0.7901055812835693,-0.051069166511297226,0.41568508744239807,0.803663432598114,-0.045440107583999634,0.43983617424964905,0.7978605628013611,-0.041802484542131424,0.4709234833717346,0.8159192800521851,-0.04534988850355148,0.40588051080703735,0.8404802680015564,-0.05616306513547897,0.42727798223495483,0.8485295176506042,-0.042909711599349976,0.4514448344707489,0.8427579998970032,-0.03400286287069321,0.47097551822662354,0.871851921081543,-0.0522223636507988,0.4187433421611786,0.880362868309021,-0.05759825557470322,0.43644753098487854,0.8861956596374512,-0.046323686838150024,0.45712289214134216,0.8827489614486694,-0.03752097487449646,Thumbs_Up
0.5751838088035583,0.8687465190887451,-2.9183101446506043e-07,0.547726571559906,0.7886734008789062,0.0010867492528632283,0.4888243079185486,0.7163803577423096,-0.004646904766559601,0.4343450665473938,0.6803339719772339,-0.010365970432758331,0.3975569009780884,0.7024291753768921,-0.016040338203310966,0.4708186089992523,0.7083368301391602,-0.029386941343545914,0.3918159604072571,0.7342593669891357,-0.047199755907058716,0.40887874364852905,0.7528865933418274,-0.052905451506376266,0.43185821175575256,0.7504066228866577,-0.054090697318315506,0.47065454721450806,0.7603628635406494,-0.03774809464812279,0.3937871754169464,0.7902005910873413,-0.05093372240662575,0.4152493476867676,0.8031195998191833,-0.04532961547374725,0.43925729393959045,0.7970176339149475,-0.04164958372712135,0.4709083139896393,0.8171330690383911,-0.045149240642786026,0.4056852459907532,0.8405013680458069,-0.05609537661075592,0.426980584859848,0.8482944369316101,-0.04277902841567993,0.45123302936553955,0.8425995111465454,-0.03372733294963837,0.4712132215499878,0.8728725910186768,-0.0520443469285965,0.41873684525489807,0.8804306983947754,-0.05742013081908226,0.43630433082580566,0.8859924077987671,-0.0460248626768589,0.4571835696697235,0.8826804757118225,-0.03707978129386902,Thumbs_Up
0.5792273879051208,0.8740726709365845,-3.3543372524036386e-07,0.5536907911300659,0.7943509817123413,0.006666429340839386,0.5010010004043579,0.7350575923919678,0.0018540590535849333,0.4538887143135071,0.7085402011871338,-0.004337718244642019,0.41656410694122314,0.7091113328933716,-0.010572953149676323,0.47061508893966675,0.7074710130691528,-0.025225497782230377,0.39074626564979553,0.7384765148162842,-0.0416792631149292,0.40848952531814575,0.7558896541595459,-0.04726105183362961,0.433694988489151,0.7528607249259949,-0.04830571264028549,0.4690305292606354,0.7590096592903137,-0.03551112487912178,0.39359745383262634,0.7915714979171753,-0.04681248217821121,0.4149428904056549,0.8041160106658936,-0.04166277498006821,0.4413815140724182,0.7988532781600952,-0.03865281865000725,0.46820488572120667,0.8149517774581909,-0.04426923394203186,0.4031340181827545,0.8400298357009888,-0.05297408998012543,0.424630343914032,0.8479430675506592,-0.040226202458143234,0.450460821390152,0.8420125842094421,-0.03200965002179146,0.46905389428138733,0.8703484535217285,-0.052102770656347275,0.4155462682247162,0.8775337934494019,-0.05808801203966141,0.43411731719970703,0.883256196975708,-0.04697258770465851,0.45778289437294006,0.8807662129402161,-0.0373876690864563,Thumbs_Up
0.5804241299629211,0.8749989867210388,-3.3838668400676397e-07,0.5539089441299438,0.7945711016654968,0.007289834786206484,0.5012847781181335,0.7283701300621033,0.0037842204328626394,0.4554566740989685,0.6921834349632263,-0.0013907888205721974,0.41812920570373535,0.6859164237976074,-0.00658930791541934,0.4686720371246338,0.7090858221054077,-0.022212235257029533,0.3901580274105072,0.7382292151451111,-0.03823632746934891,0.40787553787231445,0.7551361918449402,-0.04415585473179817,0.4325869083404541,0.7513176798820496,-0.04555997624993324,0.46748512983322144,0.7595971822738647,-0.032749325037002563,0.39344683289527893,0.7925969958305359,-0.04352287948131561,0.41488850116729736,0.8049258589744568,-0.038365382701158524,0.44108453392982483,0.7984744310379028,-0.03535357117652893,0.46762362122535706,0.8149604797363281,-0.04201628640294075,0.40405410528182983,0.8403207659721375,-0.05050196871161461,0.4253687858581543,0.8481745719909668,-0.03794430196285248,0.450888454914093,0.8413870930671692,-0.029767971485853195,0.469522088766098,0.8696118593215942,-0.05041708052158356,0.4169856905937195,0.877566397190094,-0.055604949593544006,0.435325562953949,0.8833740949630737,-0.04438091069459915,0.4586923122406006,0.880520224571228,-0.03482023626565933,Thumbs_Up
0.5822299718856812,0.8750237226486206,-3.40671562071293e-07,0.5556820034980774,0.7948823571205139,0.008246570825576782,0.5029226541519165,0.7352633476257324,0.003953604493290186,0.4549451768398285,0.7103351950645447,-0.002070670947432518,0.417878657579422,0.7152997255325317,-0.008366147056221962,0.4703512489795685,0.7077640295028687,-0.02356177382171154,0.39043325185775757,0.7383644580841064,-0.03921082243323326,0.4081292748451233,0.7559548020362854,-0.04471861571073532,0.43335825204849243,0.7528702020645142,-0.04593949392437935,0.46846339106559753,0.7593571543693542,-0.034436579793691635,0.39308103919029236,0.792137086391449,-0.044686444103717804,0.414320707321167,0.8047194480895996,-0.03932666406035423,0.44083473086357117,0.7992278337478638,-0.03639107942581177,0.46818673610687256,0.8154476284980774,-0.04360545054078102,0.4034564197063446,0.8407773375511169,-0.05085914582014084,0.42469337582588196,0.8487193584442139,-0.037973470985889435,0.4503191113471985,0.8422704935073853,-0.030044248327612877,0.46989670395851135,0.8707855939865112,-0.0517907589673996,0.41672953963279724,0.8787632584571838,-0.056148238480091095,0.4349338412284851,0.8840343952178955,-0.044533826410770416,0.45833492279052734,0.8809986710548401,-0.034940410405397415,Thumbs_Up
0.5799649357795715,0.8764129281044006,-3.4215523214697896e-07,0.5552952289581299,0.7946551442146301,0.006387772504240274,0.5067281723022461,0.7306181788444519,0.00026680788141675293,0.4596761465072632,0.703969419002533,-0.007078535854816437,0.4276891350746155,0.7041955590248108,-0.014770686626434326,0.4724749028682709,0.7037721276283264,-0.026942409574985504,0.3922431468963623,0.7353820204734802,-0.042393844574689865,0.4080060124397278,0.7565264105796814,-0.047742974013090134,0.4312816858291626,0.7542808055877686,-0.049252673983573914,0.4691265821456909,0.7560914754867554,-0.037073660641908646,0.3935571014881134,0.7911561131477356,-0.04716864973306656,0.41404518485069275,0.8050059080123901,-0.04155895486474037,0.4397966265678406,0.7975977063179016,-0.038754452019929886,0.4668840169906616,0.8113940954208374,-0.04548092931509018,0.4019804000854492,0.8376603722572327,-0.05268161743879318,0.4225301146507263,0.8478832244873047,-0.03971991315484047,0.44741225242614746,0.8412498235702515,-0.03184634447097778,0.46654969453811646,0.8665435910224915,-0.05308228358626366,0.41346976161003113,0.8762692809104919,-0.057302623987197876,0.43156033754348755,0.883674144744873,-0.045806314796209335,0.45411863923072815,0.8813552856445312,-0.036370813846588135,Thumbs_Up
0.5803577303886414,0.8763120770454407,-3.229498872769909e-07,0.5569266080856323,0.7955980896949768,0.006693936884403229,0.5089431405067444,0.7362101078033447,0.0006362510030157864,0.46089038252830505,0.7188113927841187,-0.0067850640043616295,0.4274163544178009,0.7327708005905151,-0.014677518978714943,0.47229278087615967,0.7031804919242859,-0.024747323244810104,0.39220210909843445,0.7350815534591675,-0.040012843906879425,0.4069056510925293,0.7583708763122559,-0.04559531807899475,0.4302208125591278,0.7582953572273254,-0.04715152829885483,0.467922180891037,0.7565204501152039,-0.03489099070429802,0.39243942499160767,0.7912817597389221,-0.04466782137751579,0.4123864471912384,0.8065191507339478,-0.03958064690232277,0.4385082423686981,0.8008043169975281,-0.037078507244586945,0.46524664759635925,0.8127052187919617,-0.04330349713563919,0.4006412923336029,0.8390106558799744,-0.050604406744241714,0.42158958315849304,0.8498430252075195,-0.038486842066049576,0.44738876819610596,0.8439127206802368,-0.03113967552781105,0.465119868516922,0.8685251474380493,-0.05083915963768959,0.41309577226638794,0.878119170665741,-0.05562356486916542,0.432392418384552,0.8853264451026917,-0.0446787104010582,0.45588362216949463,0.8818867802619934,-0.03551957383751869,Thumbs_Up
0.5802342295646667,0.8771187663078308,-3.3412996458537236e-07,0.5569579005241394,0.7954317927360535,0.006597697269171476,0.5093660950660706,0.7352389097213745,0.0003123035130556673,0.4615091383457184,0.7168485522270203,-0.007213178090751171,0.4280913770198822,0.7291415333747864,-0.015194220468401909,0.4720621705055237,0.7031235098838806,-0.02597421035170555,0.3923574686050415,0.7353619337081909,-0.04125776141881943,0.4079965353012085,0.757657527923584,-0.046772804111242294,0.4313932955265045,0.7567014694213867,-0.048410143703222275,0.4680955708026886,0.7560588717460632,-0.0361584834754467,0.39276713132858276,0.7919319272041321,-0.045940153300762177,0.41377758979797363,0.8063644170761108,-0.040588539093732834,0.4399309456348419,0.8002172112464905,-0.03802376240491867,0.4656839668750763,0.8117862939834595,-0.04456564784049988,0.40146416425704956,0.8391588926315308,-0.05172351747751236,0.423011839389801,0.8491582870483398,-0.03933720290660858,0.4484417736530304,0.8427714705467224,-0.03193636238574982,0.4657420516014099,0.8673442006111145,-0.05210494250059128,0.41358935832977295,0.8774108290672302,-0.05681228265166283,0.433173269033432,0.8845060467720032,-0.04571147263050079,0.4563180208206177,0.8813209533691406,-0.03650955855846405,Thumbs_Up
0.5796089172363281,0.8738417029380798,-2.675827772691264e-07,0.5564160346984863,0.787145733833313,0.001968872267752886,0.5150964260101318,0.7010579109191895,-0.007815017364919186,0.4984801411628723,0.6291235685348511,-0.01948893815279007,0.49727293848991394,0.5668226480484009,-0.03167775645852089,0.47117266058921814,0.7043994069099426,-0.02666918933391571,0.39415836334228516,0.7300125956535339,-0.04292566329240799,0.41465073823928833,0.7485374808311462,-0.050160396844148636,0.44107118248939514,0.7432870864868164,-0.053543638437986374,0.46750104427337646,0.7568944692611694,-0.03623740002512932,0.3950640559196472,0.7860533595085144,-0.046875424683094025,0.420108824968338,0.7979586124420166,-0.04299392178654671,0.4479905664920807,0.7896877527236938,-0.04161064699292183,0.4667651951313019,0.8123529553413391,-0.04502091556787491,0.4050717055797577,0.8326445817947388,-0.052494604140520096,0.4274776875972748,0.8421111106872559,-0.04007406160235405,0.4541626572608948,0.835900604724884,-0.03274708613753319,0.46785080432891846,0.8658987879753113,-0.053607672452926636,0.41589710116386414,0.8710296154022217,-0.05654503032565117,0.43520742654800415,0.8778864741325378,-0.04433191567659378,0.45949786901474,0.8767843246459961,-0.03478867560625076,Thumbs_Up
0.5812456011772156,0.8743048906326294,-2.683596846964065e-07,0.5565773248672485,0.7859271168708801,0.004324063658714294,0.5152990818023682,0.7017731070518494,-0.00519189890474081,0.49716347455978394,0.6316074132919312,-0.01713326759636402,0.4966268539428711,0.5700703263282776,-0.02970561757683754,0.47310972213745117,0.7033294439315796,-0.02574833482503891,0.3936561346054077,0.7297264337539673,-0.04294969141483307,0.41636472940444946,0.7498699426651001,-0.050697196274995804,0.44559311866760254,0.7456297278404236,-0.053877219557762146,0.4689358174800873,0.7562981247901917,-0.0363050252199173,0.3937998414039612,0.7830869555473328,-0.047893889248371124,0.4203599691390991,0.7966159582138062,-0.04445672407746315,0.4498942494392395,0.7913214564323425,-0.04281407967209816,0.467698872089386,0.8112824559211731,-0.04571967571973801,0.40344253182411194,0.8313026428222656,-0.05338601395487785,0.4273103177547455,0.8411378860473633,-0.040684521198272705,0.455605149269104,0.8359363079071045,-0.03273484855890274,0.4688352942466736,0.8648257255554199,-0.05465848743915558,0.4144492745399475,0.8714423179626465,-0.05756525322794914,0.4342184364795685,0.8773408532142639,-0.04508228227496147,0.4598345458507538,0.8758346438407898,-0.03508478030562401,Thumbs_Up
0.5820719003677368,0.8749352693557739,-2.6561238541944476e-07,0.5568403601646423,0.785865843296051,0.00399600388482213,0.5156106948852539,0.7010729312896729,-0.005909151863306761,0.4978029727935791,0.629941999912262,-0.018164191395044327,0.4974490702152252,0.5674306154251099,-0.031085286289453506,0.473193883895874,0.7023886442184448,-0.025982094928622246,0.3934157192707062,0.7298306226730347,-0.04314444959163666,0.41576480865478516,0.7511429190635681,-0.050987791270017624,0.44480231404304504,0.7474147081375122,-0.054316937923431396,0.46884313225746155,0.7556205987930298,-0.03643394261598587,0.3936905264854431,0.7834694981575012,-0.04763215407729149,0.41993987560272217,0.7974143624305725,-0.04408327490091324,0.44919463992118835,0.7921450734138489,-0.042625900357961655,0.46726804971694946,0.81103515625,-0.04579981043934822,0.40387460589408875,0.8316192030906677,-0.05311978608369827,0.42739081382751465,0.8418456315994263,-0.040473584085702896,0.455053448677063,0.83670973777771,-0.03283489868044853,0.46767860651016235,0.8648698329925537,-0.05473720282316208,0.4141218066215515,0.8715811967849731,-0.05743828043341637,0.43420854210853577,0.8777532577514648,-0.044991385191679,0.45949772000312805,0.876211404800415,-0.035161443054676056,Thumbs_Up
0.5825531482696533,0.8705058097839355,-2.82055964362371e-07,0.5580536127090454,0.7799391150474548,0.004595596808940172,0.5197461843490601,0.6929618120193481,-0.005846214946359396,0.5060526132583618,0.6186530590057373,-0.018679967150092125,0.5072956681251526,0.5559630393981934,-0.03241942450404167,0.47644108533859253,0.6945251822471619,-0.027799459174275398,0.39510127902030945,0.7252996563911438,-0.04455439746379852,0.41615110635757446,0.7490108609199524,-0.05167711526155472,0.4443854093551636,0.7453449964523315,-0.05471303313970566,0.47175660729408264,0.7463484406471252,-0.038667943328619,0.39561569690704346,0.7798163890838623,-0.04813171178102493,0.41971060633659363,0.7954700589179993,-0.042969636619091034,0.4474385976791382,0.7886918187141418,-0.04143393412232399,0.47004184126853943,0.8017804026603699,-0.048376891762018204,0.4058942198753357,0.8266459107398987,-0.05353355035185814,0.42858555912971497,0.838710606098175,-0.03963141515851021,0.45486459136009216,0.8321537375450134,-0.0324067659676075,0.47068238258361816,0.8564448356628418,-0.05777202174067497,0.4164944291114807,0.8677940368652344,-0.05943911522626877,0.4371170401573181,0.8744006156921387,-0.046694446355104446,0.4618215560913086,0.8707301616668701,-0.03731889650225639,Thumbs_Up
0.5814929604530334,0.8691513538360596,-2.591506245153141e-07,0.5574684143066406,0.7799627780914307,0.0026942940894514322,0.5186942219734192,0.6940946578979492,-0.00827560294419527,0.5060802698135376,0.6201951503753662,-0.021280888468027115,0.5076380372047424,0.5577672719955444,-0.035158075392246246,0.4772486686706543,0.6958792805671692,-0.029437225311994553,0.39602038264274597,0.7235364317893982,-0.04759291186928749,0.4182293117046356,0.7444666028022766,-0.05567114055156708,0.4475120007991791,0.7407065629959106,-0.059202130883932114,0.4728240966796875,0.7479501962661743,-0.039568882435560226,0.3967927396297455,0.7769952416419983,-0.051295943558216095,0.4226114749908447,0.7909672856330872,-0.04771996662020683,0.45176705718040466,0.7858573198318481,-0.046714067459106445,0.4713493883609772,0.803179919719696,-0.048687491565942764,0.40755119919776917,0.8260334134101868,-0.05613616853952408,0.4308047294616699,0.8360962271690369,-0.04349171742796898,0.4580722451210022,0.8304877877235413,-0.036352790892124176,0.47202226519584656,0.8572649955749512,-0.05748599395155907,0.41759294271469116,0.8675962090492249,-0.06075120344758034,0.4380524158477783,0.8735542297363281,-0.048787470906972885,0.46328386664390564,0.8706358671188354,-0.039576251059770584,Thumbs_Up
0.5811026692390442,0.8683919310569763,-2.6056258661810716e-07,0.5571057796478271,0.7796555757522583,0.002536397660151124,0.5182111859321594,0.6939077377319336,-0.00851344596594572,0.5055972933769226,0.6199835538864136,-0.02156829833984375,0.507312536239624,0.5572921633720398,-0.035511236637830734,0.4775838553905487,0.6962175369262695,-0.029647711664438248,0.3958539366722107,0.7239389419555664,-0.048015493899583817,0.4180199205875397,0.7446972131729126,-0.05609671026468277,0.44725310802459717,0.7407541871070862,-0.0595838762819767,0.47343209385871887,0.7481915950775146,-0.03976051136851311,0.3965784013271332,0.777642548084259,-0.05184667557477951,0.42263495922088623,0.7914335131645203,-0.0482821948826313,0.4519850015640259,0.7860262989997864,-0.04716801270842552,0.4720727801322937,0.8035064935684204,-0.04889043793082237,0.40724867582321167,0.8266327977180481,-0.05676478147506714,0.43081673979759216,0.8364793062210083,-0.044116050004959106,0.4583616256713867,0.8305463790893555,-0.0368373729288578,0.47287267446517944,0.8578432202339172,-0.057677458971738815,0.4176754951477051,0.8684951663017273,-0.06137191876769066,0.43845081329345703,0.8743139505386353,-0.04950243979692459,0.4640713632106781,0.8711069822311401,-0.04026611149311066,Thumbs_Up
0.581246018409729,0.8666423559188843,-2.4157665734492184e-07,0.5575602054595947,0.7774266600608826,0.0023615628015249968,0.5200169682502747,0.6918895244598389,-0.008798280730843544,0.5056248903274536,0.6173453330993652,-0.021702783182263374,0.5090381503105164,0.553052544593811,-0.035569846630096436,0.4745560884475708,0.6945263743400574,-0.028365585952997208,0.3963852822780609,0.7237318158149719,-0.044164128601551056,0.4180319011211395,0.7447906732559204,-0.05077799782156944,0.44640862941741943,0.7406150102615356,-0.0535961277782917,0.4695414900779724,0.7465252876281738,-0.03771457448601723,0.39662623405456543,0.7766876220703125,-0.046701595187187195,0.4216238260269165,0.7902267575263977,-0.042334552854299545,0.4495035707950592,0.7845731377601624,-0.04120330139994621,0.4679573178291321,0.8016279339790344,-0.045873261988162994,0.406665176153183,0.8247925639152527,-0.05142325907945633,0.42946794629096985,0.8348062634468079,-0.03915052488446236,0.4557422995567322,0.8288068175315857,-0.03270081430673599,0.4687279760837555,0.8555717468261719,-0.05366826802492142,0.41481322050094604,0.8661181330680847,-0.05578280985355377,0.43547821044921875,0.8719025254249573,-0.043791793286800385,0.4607606530189514,0.8683918118476868,-0.034681208431720734,Thumbs_Up
0.5820844173431396,0.8673492074012756,-2.3856540565247997e-07,0.5583062171936035,0.7778359055519104,0.00253792991861701,0.5208132266998291,0.692033588886261,-0.008302275091409683,0.5068620443344116,0.6172159314155579,-0.020895982161164284,0.5101980566978455,0.5533475279808044,-0.03446752950549126,0.474910169839859,0.6948960423469543,-0.028361603617668152,0.39637428522109985,0.724371612071991,-0.04403688386082649,0.41794002056121826,0.7449890971183777,-0.05056319758296013,0.445821076631546,0.7402992248535156,-0.05334845185279846,0.4697722792625427,0.7469136118888855,-0.03777606785297394,0.3963232636451721,0.7771636247634888,-0.046802882105112076,0.4212362468242645,0.7908403277397156,-0.04233815521001816,0.44913342595100403,0.7848966121673584,-0.041034456342458725,0.4681437015533447,0.8019818067550659,-0.04598887264728546,0.40641698241233826,0.8248395919799805,-0.05153615027666092,0.4291328489780426,0.8350574970245361,-0.0389983169734478,0.4555768668651581,0.829189658164978,-0.03221152722835541,0.46921467781066895,0.8558880090713501,-0.05384083837270737,0.41513773798942566,0.8662579655647278,-0.055723872035741806,0.43538397550582886,0.8722187280654907,-0.043406933546066284,0.4604799449443817,0.8689785599708557,-0.03403589874505997,Thumbs_Up
0.5816953182220459,0.8673058748245239,-2.34704344848069e-07,0.5579412579536438,0.7779027819633484,0.0025135749019682407,0.5206316709518433,0.6927076578140259,-0.008702327497303486,0.5064767599105835,0.6179312467575073,-0.02156800962984562,0.5098461508750916,0.5535005331039429,-0.03543901816010475,0.4746975302696228,0.6942062973976135,-0.02917586825788021,0.3963538110256195,0.7239310145378113,-0.04449514299631119,0.41765928268432617,0.7449331283569336,-0.05064548924565315,0.4453277885913849,0.7402960658073425,-0.0532631017267704,0.46969276666641235,0.7463009357452393,-0.038478970527648926,0.39622488617897034,0.7768042683601379,-0.04709291085600853,0.42088136076927185,0.7909201979637146,-0.04231927916407585,0.448657363653183,0.7850383520126343,-0.040955767035484314,0.46802467107772827,0.8016457557678223,-0.046460241079330444,0.4060795307159424,0.8245337009429932,-0.05159464105963707,0.4285135269165039,0.8351097106933594,-0.03893592953681946,0.45490404963493347,0.8293666839599609,-0.0322447307407856,0.46885135769844055,0.8558843731880188,-0.05404714494943619,0.4147351086139679,0.8662844300270081,-0.05571722611784935,0.4347948431968689,0.8723209500312805,-0.04336632415652275,0.4598221480846405,0.8692261576652527,-0.0340440608561039,Thumbs_Up
0.5836507081985474,0.8686790466308594,-2.614530387745617e-07,0.5599683523178101,0.7793925404548645,0.0021045261528342962,0.5219619870185852,0.6928279399871826,-0.009140325710177422,0.5074285268783569,0.6179618239402771,-0.02226075902581215,0.5100496411323547,0.5540702939033508,-0.03599417209625244,0.478462278842926,0.6919886469841003,-0.02742723561823368,0.39699941873550415,0.7223324775695801,-0.04504977911710739,0.4194542169570923,0.7452020645141602,-0.05262788012623787,0.4486639201641083,0.7405253052711487,-0.05568366497755051,0.4733256697654724,0.742953896522522,-0.03699342906475067,0.3966365158557892,0.7748076915740967,-0.04789387807250023,0.42205339670181274,0.7901471257209778,-0.04379323869943619,0.4504193365573883,0.7837642431259155,-0.04223163053393364,0.47085335850715637,0.797885537147522,-0.045747123658657074,0.4067232012748718,0.8230734467506409,-0.052778881043195724,0.43007606267929077,0.8343360424041748,-0.04024597257375717,0.4567951560020447,0.8277127742767334,-0.03305762633681297,0.4704289734363556,0.85224449634552,-0.05423344299197197,0.41481131315231323,0.8634873628616333,-0.05723554268479347,0.43603724241256714,0.8700788021087646,-0.04536403343081474,0.46181052923202515,0.8666446805000305,-0.03599714860320091,Thumbs_Up
0.582276463508606,0.8684767484664917,-2.569024957210786e-07,0.5588721036911011,0.7788151502609253,0.002258970867842436,0.5215504765510559,0.6933563351631165,-0.009059729985892773,0.508223831653595,0.6190721392631531,-0.022322164848446846,0.5104504823684692,0.5553753972053528,-0.03632185608148575,0.4772040545940399,0.6927355527877808,-0.028013847768306732,0.3969724476337433,0.7228999733924866,-0.04589930549263954,0.42011719942092896,0.7445894479751587,-0.05378660932183266,0.44958603382110596,0.7397536635398865,-0.05710051953792572,0.47257646918296814,0.7439794540405273,-0.0377492718398571,0.3973539471626282,0.7752447128295898,-0.04878676310181618,0.4232941269874573,0.7896719574928284,-0.04502636566758156,0.451835960149765,0.7833549976348877,-0.04396943747997284,0.4706879258155823,0.7988767027854919,-0.04661092534661293,0.40733110904693604,0.8235534429550171,-0.05399330332875252,0.4309579133987427,0.8344115018844604,-0.04178212955594063,0.45793813467025757,0.8281102180480957,-0.03491320461034775,0.4706075191497803,0.8530771732330322,-0.05516502261161804,0.41539061069488525,0.86408531665802,-0.05863439291715622,0.43647974729537964,0.8708049058914185,-0.04706171527504921,0.4622892439365387,0.8679063320159912,-0.037922512739896774,Thumbs_Up
0.581940233707428,0.8680403232574463,-2.520494888358371e-07,0.5586777925491333,0.7784793376922607,0.0022247128654271364,0.5212342739105225,0.6930803060531616,-0.009112099185585976,0.5076041221618652,0.6189746260643005,-0.022403564304113388,0.5101090669631958,0.5552111864089966,-0.036421939730644226,0.4773739278316498,0.6926954388618469,-0.027576880529522896,0.39703696966171265,0.7226804494857788,-0.04544743150472641,0.4201173782348633,0.7441621422767639,-0.053300123661756516,0.4495166838169098,0.7391195893287659,-0.05653911083936691,0.4726766347885132,0.743886411190033,-0.03724665194749832,0.39720213413238525,0.7747762203216553,-0.04831245541572571,0.4231065511703491,0.7892250418663025,-0.04454854875802994,0.45162469148635864,0.7830490469932556,-0.043354593217372894,0.47062772512435913,0.7988836169242859,-0.04607899859547615,0.4071084260940552,0.8232434391975403,-0.05332522466778755,0.4306386709213257,0.8341049551963806,-0.04113651439547539,0.45750319957733154,0.8278509378433228,-0.03424399346113205,0.47037699818611145,0.8531394004821777,-0.054614752531051636,0.4150252342224121,0.8640648126602173,-0.05788945406675339,0.43608036637306213,0.8706371188163757,-0.04631887748837471,0.4618280529975891,0.8675743341445923,-0.0371779128909111,Thumbs_Up
0.5809770822525024,0.8667030930519104,-2.4083050220724544e-07,0.5593059062957764,0.778656005859375,0.001222499762661755,0.5224797129631042,0.693148136138916,-0.009798794984817505,0.5091309547424316,0.6191501021385193,-0.02272322028875351,0.5119113326072693,0.555962324142456,-0.03633738309144974,0.4774363040924072,0.6932833790779114,-0.026350129395723343,0.3982887268066406,0.719282865524292,-0.04442515969276428,0.4194660186767578,0.740932822227478,-0.053245387971401215,0.4486664831638336,0.7380443215370178,-0.057119809091091156,0.4708375036716461,0.7447771430015564,-0.035283226519823074,0.39747390151023865,0.7727020978927612,-0.046707794070243835,0.42269015312194824,0.7879868745803833,-0.043852079659700394,0.4518175423145294,0.7831659913063049,-0.04293782636523247,0.46769651770591736,0.7996755838394165,-0.04354756325483322,0.4070148468017578,0.8215494155883789,-0.05098516121506691,0.42973530292510986,0.8333724737167358,-0.03922431543469429,0.45695382356643677,0.8282184600830078,-0.03231098875403404,0.46682602167129517,0.8534833192825317,-0.05168548971414566,0.4151969254016876,0.8631595969200134,-0.054722052067518234,0.4356955885887146,0.8706066608428955,-0.04324068874120712,0.4609030485153198,0.8680037260055542,-0.03407178446650505,Thumbs_Up
0.5808101296424866,0.8664887547492981,-2.434812529372721e-07,0.5593734383583069,0.778155505657196,0.0009182979702018201,0.5226009488105774,0.6930164098739624,-0.010297349654138088,0.5089792609214783,0.6189391613006592,-0.023378275334835052,0.5118832588195801,0.5554934144020081,-0.0370468907058239,0.47787365317344666,0.6927288770675659,-0.026592468842864037,0.3983030915260315,0.7185186743736267,-0.04494532570242882,0.41980883479118347,0.7405033707618713,-0.05374894663691521,0.4491131007671356,0.7373098731040955,-0.05754796415567398,0.47124922275543213,0.7441092133522034,-0.035441044718027115,0.39748069643974304,0.7721518874168396,-0.04718415066599846,0.4229297637939453,0.7875726819038391,-0.044214680790901184,0.4518934488296509,0.7821226119995117,-0.04309322312474251,0.4680072069168091,0.7992327213287354,-0.04369506239891052,0.40668362379074097,0.8208155035972595,-0.051607437431812286,0.4298210144042969,0.8327750563621521,-0.039724450558423996,0.45705386996269226,0.827221155166626,-0.03253645822405815,0.46713218092918396,0.8534374237060547,-0.0518183708190918,0.41500869393348694,0.8627971410751343,-0.05520316958427429,0.4356357455253601,0.8701486587524414,-0.0437215119600296,0.4609594941139221,0.8674088716506958,-0.0344485379755497,Thumbs_Up
0.5804415345191956,0.8660944700241089,-2.4126592279571923e-07,0.5590442419052124,0.7778183817863464,0.0008811570005491376,0.5224032998085022,0.6926262378692627,-0.010485248640179634,0.5088675618171692,0.6184593439102173,-0.023696400225162506,0.5117348432540894,0.5550048351287842,-0.03755068778991699,0.47771626710891724,0.6925692558288574,-0.02702954038977623,0.39813655614852905,0.7183747291564941,-0.0454598143696785,0.4197983145713806,0.7399212718009949,-0.054362040013074875,0.4490957260131836,0.7367303371429443,-0.05824330076575279,0.4712317883968353,0.7441511750221252,-0.035913124680519104,0.39742058515548706,0.7718309760093689,-0.04775562509894371,0.423158198595047,0.7868896722793579,-0.04488064721226692,0.4522959589958191,0.7817701101303101,-0.043849583715200424,0.46806633472442627,0.7993365526199341,-0.044160548597574234,0.4067504107952118,0.8206166625022888,-0.052089329808950424,0.4301202893257141,0.832343339920044,-0.04025452584028244,0.45747923851013184,0.8270294666290283,-0.03314885124564171,0.4671951234340668,0.8536131978034973,-0.05227048322558403,0.415191113948822,0.862676739692688,-0.055713996291160583,0.436140239238739,0.8699163794517517,-0.04426538199186325,0.4615994989871979,0.8672433495521545,-0.035045076161623,Thumbs_Up
0.5817326307296753,0.866411030292511,-2.4781289198472223e-07,0.5597264170646667,0.777179479598999,0.0018561267061159015,0.5232765078544617,0.6911365389823914,-0.009332656860351562,0.5114384293556213,0.6167067885398865,-0.022409409284591675,0.515173614025116,0.5534608364105225,-0.03619588911533356,0.47981464862823486,0.6909415125846863,-0.02764202281832695,0.398939311504364,0.7170154452323914,-0.045292001217603683,0.4205061197280884,0.7389016151428223,-0.05326564982533455,0.44922709465026855,0.7357933521270752,-0.056733597069978714,0.4736819565296173,0.742206335067749,-0.037002284079790115,0.3985062539577484,0.7709228992462158,-0.04795881733298302,0.42347854375839233,0.7856049537658691,-0.04440777003765106,0.45189130306243896,0.7805588245391846,-0.04332819953560829,0.47034069895744324,0.7970976829528809,-0.045544885098934174,0.4083174467086792,0.8198544979095459,-0.052590593695640564,0.4311543107032776,0.8309472799301147,-0.040304575115442276,0.45761507749557495,0.825428307056427,-0.03331283852458,0.46934449672698975,0.8507875204086304,-0.053853537887334824,0.4157590866088867,0.8604317903518677,-0.05663737282156944,0.4368170499801636,0.8678253293037415,-0.0446447879076004,0.46200162172317505,0.865010142326355,-0.0353144071996212,Thumbs_Up
0.5818716287612915,0.8672143816947937,-2.4464597458973003e-07,0.560165524482727,0.7780504822731018,0.0014421396190300584,0.5233091115951538,0.6920804977416992,-0.010040614753961563,0.5107731819152832,0.6170898675918579,-0.023157065734267235,0.5138495564460754,0.5530073046684265,-0.03705160319805145,0.47988831996917725,0.6909692287445068,-0.02903898060321808,0.39969557523727417,0.716810941696167,-0.046805042773485184,0.4211612939834595,0.7381426692008972,-0.054814353585243225,0.44966384768486023,0.7351062893867493,-0.05828061327338219,0.47364822030067444,0.7428485751152039,-0.03811323642730713,0.3993252217769623,0.7707396745681763,-0.04910435527563095,0.4246058166027069,0.7853440046310425,-0.04549022763967514,0.4531201124191284,0.7807335257530212,-0.04444166272878647,0.4702267050743103,0.7980990409851074,-0.0462934784591198,0.4089965224266052,0.81968092918396,-0.053264208137989044,0.4313892126083374,0.830784022808075,-0.04098755121231079,0.4576939642429352,0.8256770968437195,-0.0340934619307518,0.46894192695617676,0.8517267107963562,-0.054218489676713943,0.4156758785247803,0.8605449795722961,-0.05682667717337608,0.43627724051475525,0.8683833479881287,-0.04476457089185715,0.46114423871040344,0.86628657579422,-0.03543216362595558,Thumbs_Up
0.5823338627815247,0.8677043914794922,-2.452710532452329e-07,0.5605701208114624,0.7785114645957947,0.0016363136237487197,0.5235614776611328,0.692514955997467,-0.009600081481039524,0.5108293890953064,0.6176978349685669,-0.022584784775972366,0.5137255787849426,0.553767204284668,-0.03631703928112984,0.4799116551876068,0.6908993721008301,-0.02770640142261982,0.3997853398323059,0.7172495722770691,-0.045224133878946304,0.4210876524448395,0.7391110062599182,-0.05325707793235779,0.44956275820732117,0.7359875440597534,-0.056753773242235184,0.47335579991340637,0.7422999739646912,-0.036776017397642136,0.39938998222351074,0.7709048390388489,-0.04751475900411606,0.42445603013038635,0.7857425808906555,-0.04403044283390045,0.4528098702430725,0.7809138894081116,-0.043045222759246826,0.46967536211013794,0.7973009943962097,-0.045006994158029556,0.40871262550354004,0.8195635080337524,-0.05182351544499397,0.4311807155609131,0.8308682441711426,-0.03974480554461479,0.4574142098426819,0.8255404829978943,-0.03297368064522743,0.4681794345378876,0.8509019017219543,-0.05299706384539604,0.4152109920978546,0.8602047562599182,-0.05562325194478035,0.43605539202690125,0.8680702447891235,-0.043735817074775696,0.46100324392318726,0.8656855821609497,-0.0344669334590435,Thumbs_Up
0.5841066241264343,0.8688069581985474,-2.778386658519594e-07,0.5632731914520264,0.778817355632782,0.0026476006023585796,0.5269694328308105,0.6927720904350281,-0.008881938643753529,0.513916552066803,0.6196335554122925,-0.02259504608809948,0.5179566740989685,0.5564727783203125,-0.036760151386260986,0.4845018684864044,0.6891594529151917,-0.027531353756785393,0.40103691816329956,0.7158200740814209,-0.046989329159259796,0.42377451062202454,0.7378813624382019,-0.055732183158397675,0.45313674211502075,0.7335312366485596,-0.05938960984349251,0.4792184829711914,0.7399212718009949,-0.03794434294104576,0.4007968008518219,0.7684533596038818,-0.050660986453294754,0.4269534647464752,0.7832808494567871,-0.04696900397539139,0.4553578794002533,0.7771075367927551,-0.04541562497615814,0.4763692617416382,0.7945971488952637,-0.04765590652823448,0.41045665740966797,0.8173160552978516,-0.056348904967308044,0.43442609906196594,0.8290133476257324,-0.043311137706041336,0.4610937535762787,0.8225650787353516,-0.035372354090213776,0.4755242168903351,0.848935604095459,-0.057098373770713806,0.4182914197444916,0.8579701781272888,-0.061172958463430405,0.4397677779197693,0.8652349710464478,-0.04916604608297348,0.4658096730709076,0.8621739149093628,-0.03952568396925926,Thumbs_Up
0.5825857520103455,0.8680891990661621,-2.5914457069120544e-07,0.5617625117301941,0.7777699828147888,0.002589582931250334,0.5257589817047119,0.6918794512748718,-0.008804451674222946,0.5132685303688049,0.6188559532165527,-0.022114330902695656,0.5176814198493958,0.5568671822547913,-0.03619592264294624,0.48297980427742004,0.6898702383041382,-0.02955145575106144,0.40156078338623047,0.7149952054023743,-0.04787394031882286,0.42395880818367004,0.7363737225532532,-0.05588654801249504,0.4530528783798218,0.7328087687492371,-0.05929364264011383,0.47743213176727295,0.7416697144508362,-0.039649151265621185,0.4009658396244049,0.7676739692687988,-0.05116303637623787,0.42700785398483276,0.7818195819854736,-0.04708711802959442,0.4556538462638855,0.776758074760437,-0.045725900679826736,0.4747253656387329,0.7967275381088257,-0.0487186461687088,0.4102686941623688,0.8169443607330322,-0.056559547781944275,0.43384793400764465,0.8279633522033691,-0.043663423508405685,0.46061137318611145,0.8226734399795532,-0.036211106926202774,0.47400516271591187,0.8509588837623596,-0.05742334574460983,0.4176151752471924,0.8576608300209045,-0.061247318983078,0.43846485018730164,0.8650496602058411,-0.04925299808382988,0.4641549289226532,0.8632329106330872,-0.03976801410317421,Thumbs_Up
0.5825604200363159,0.8677180409431458,-2.5953735871553363e-07,0.5619783401489258,0.7779838442802429,0.001956183696165681,0.5257443189620972,0.6918896436691284,-0.009741532616317272,0.5129847526550293,0.618666410446167,-0.02328534424304962,0.5175198316574097,0.5556946396827698,-0.03749087452888489,0.4838791787624359,0.690096914768219,-0.02945406548678875,0.4018280804157257,0.7147981524467468,-0.0480777882039547,0.4239428639411926,0.7365816831588745,-0.05607928708195686,0.45307105779647827,0.7330368757247925,-0.05938545987010002,0.4783683121204376,0.741192638874054,-0.039276156574487686,0.4010410010814667,0.7674412727355957,-0.05122455582022667,0.4269716441631317,0.7820321917533875,-0.04716424271464348,0.4555874764919281,0.7767455577850342,-0.04562108963727951,0.475347101688385,0.7960115671157837,-0.048228975385427475,0.41018596291542053,0.8164783120155334,-0.05643961578607559,0.4338363707065582,0.8279115557670593,-0.04360140860080719,0.46062448620796204,0.822472333908081,-0.03604576364159584,0.4741235077381134,0.8501424789428711,-0.05687446519732475,0.41744840145111084,0.8574562072753906,-0.060936879366636276,0.4384755790233612,0.8648874163627625,-0.049167461693286896,0.4643133282661438,0.8628559112548828,-0.039795346558094025,Thumbs_Up
0.5850784778594971,0.8673547506332397,-2.8265688456485805e-07,0.5643084049224854,0.7794824242591858,0.00288356002420187,0.5272097587585449,0.6943143606185913,-0.008229928091168404,0.5138363838195801,0.6207650899887085,-0.021708711981773376,0.5198906064033508,0.5567052364349365,-0.03601045906543732,0.48638343811035156,0.6887596249580383,-0.026523303240537643,0.4034126400947571,0.713752031326294,-0.04534349963068962,0.4239347577095032,0.7391946315765381,-0.05369868129491806,0.45330917835235596,0.7370786070823669,-0.057168129831552505,0.480827659368515,0.7387570738792419,-0.03683561086654663,0.4023854434490204,0.7673318386077881,-0.04950385168194771,0.42778217792510986,0.7846698760986328,-0.04580790922045708,0.4571702480316162,0.7787761688232422,-0.04407151788473129,0.4778788983821869,0.7935680747032166,-0.04643547534942627,0.41041886806488037,0.8156731724739075,-0.055522579699754715,0.4335494935512543,0.8297833204269409,-0.043086037039756775,0.46116408705711365,0.8243723511695862,-0.03534393012523651,0.4769129455089569,0.8481212854385376,-0.05566638708114624,0.4187040328979492,0.8568397164344788,-0.06041700392961502,0.43891024589538574,0.8656795620918274,-0.04930710047483444,0.4651428759098053,0.8632391691207886,-0.04015645012259483,Thumbs_Up
0.5849925875663757,0.867229163646698,-2.775122425191512e-07,0.5639265775680542,0.7792500257492065,0.003045865101739764,0.5270783305168152,0.6947301030158997,-0.007846917025744915,0.5138030648231506,0.6218899488449097,-0.021108059212565422,0.5200822353363037,0.5586612224578857,-0.03521503880620003,0.48601576685905457,0.6889395713806152,-0.026198511943221092,0.40337681770324707,0.7138548493385315,-0.04494038224220276,0.42354345321655273,0.7390179634094238,-0.053418442606925964,0.4528663754463196,0.7371187210083008,-0.0569656565785408,0.4803328812122345,0.7390198111534119,-0.036461181938648224,0.4023028016090393,0.7676928043365479,-0.04900025948882103,0.42743027210235596,0.7847610712051392,-0.04540644586086273,0.45687079429626465,0.7788679003715515,-0.04377797991037369,0.477345734834671,0.7937400341033936,-0.0459812767803669,0.41055601835250854,0.8161649703979492,-0.05487380921840668,0.4333726763725281,0.82990562915802,-0.04244091361761093,0.460847944021225,0.8242732286453247,-0.034757085144519806,0.4763568937778473,0.848275899887085,-0.05514352023601532,0.41873636841773987,0.8573552370071411,-0.05974864959716797,0.4388679265975952,0.8658995628356934,-0.048545148223638535,0.4649549424648285,0.8630887866020203,-0.03932030126452446,Thumbs_Up
0.5849200487136841,0.8674311637878418,-2.816341861944238e-07,0.5640588998794556,0.7794702649116516,0.003062088042497635,0.5272771120071411,0.6946568489074707,-0.007858662866055965,0.5138160586357117,0.621600866317749,-0.02116025798022747,0.520092785358429,0.5580276846885681,-0.035300951451063156,0.48666834831237793,0.6891897916793823,-0.026256470009684563,0.40356969833374023,0.7137868404388428,-0.044921889901161194,0.42344167828559875,0.7393794655799866,-0.05324432998895645,0.45275944471359253,0.7379232048988342,-0.05667886883020401,0.4809127748012543,0.7389019131660461,-0.036496859043836594,0.40244027972221375,0.7678701877593994,-0.049062348902225494,0.42734020948410034,0.7851194143295288,-0.045399636030197144,0.45676296949386597,0.7792879343032837,-0.04370070621371269,0.47770389914512634,0.7934169769287109,-0.04599164053797722,0.410520076751709,0.8162075877189636,-0.05474510043859482,0.4331994354724884,0.8300991654396057,-0.04224337264895439,0.4606159031391144,0.8244367837905884,-0.03456913307309151,0.47642308473587036,0.8478521704673767,-0.05514334514737129,0.41879403591156006,0.8574334383010864,-0.059598568826913834,0.4389053285121918,0.8659847974777222,-0.04842060059309006,0.46488726139068604,0.8629768490791321,-0.03928154334425926,Thumbs_Up
0.5820186734199524,0.8677783608436584,-2.5896230226862826e-07,0.5613208413124084,0.7788512110710144,0.0018007314065471292,0.5260568261146545,0.6934399008750916,-0.010023783892393112,0.5135131478309631,0.6197165250778198,-0.02384760044515133,0.5199443101882935,0.5565811395645142,-0.038397252559661865,0.4847995340824127,0.6885573863983154,-0.028294438496232033,0.4023698568344116,0.7153083086013794,-0.047803767025470734,0.4241983890533447,0.7392354011535645,-0.056908104568719864,0.45346713066101074,0.7358728647232056,-0.060797929763793945,0.478982150554657,0.739417552947998,-0.03804090619087219,0.4020666480064392,0.7680582404136658,-0.05098942294716835,0.42794710397720337,0.783847987651825,-0.047702860087156296,0.4571629762649536,0.7778528332710266,-0.04626951739192009,0.4758305549621582,0.7945833206176758,-0.04703044146299362,0.4112939238548279,0.8169521689414978,-0.05612283945083618,0.4346071779727936,0.8294340372085571,-0.043751999735832214,0.461973637342453,0.8237226009368896,-0.036038707941770554,0.47429800033569336,0.8494469523429871,-0.05576625093817711,0.41923922300338745,0.8571101427078247,-0.060151442885398865,0.44012370705604553,0.8653309345245361,-0.04867840185761452,0.46592071652412415,0.8633404970169067,-0.03922527655959129,Thumbs_Up
0.5810027718544006,0.8671232461929321,-2.545568804634968e-07,0.560573160648346,0.7784430980682373,0.0014609212521463633,0.5257831811904907,0.6927820444107056,-0.010382075794041157,0.513465404510498,0.6189347505569458,-0.024068260565400124,0.5197350978851318,0.5560329556465149,-0.03858214244246483,0.4850234389305115,0.6884505152702332,-0.029096217826008797,0.40308356285095215,0.7148218750953674,-0.04823075234889984,0.4245384633541107,0.7389525771141052,-0.05694623291492462,0.4533328413963318,0.7359927892684937,-0.060726284980773926,0.4789389371871948,0.7394073009490967,-0.038692258298397064,0.4021194577217102,0.7677338719367981,-0.05163830518722534,0.42795461416244507,0.7839991450309753,-0.04830032214522362,0.4572620093822479,0.7786678075790405,-0.046879421919584274,0.47546687722206116,0.7947200536727905,-0.04747861996293068,0.4111093282699585,0.8172313570976257,-0.056453071534633636,0.4344223737716675,0.8298092484474182,-0.04404180496931076,0.46177664399147034,0.824537992477417,-0.03645320609211922,0.4736093580722809,0.8496668338775635,-0.0560174435377121,0.41926559805870056,0.8584752678871155,-0.06041714921593666,0.44025564193725586,0.866604208946228,-0.049035441130399704,0.46590620279312134,0.8642671704292297,-0.03976218402385712,Thumbs_Up
0.5805916786193848,0.8666732311248779,-2.547263022734114e-07,0.5603358149528503,0.7787447571754456,0.0011754217557609081,0.5255386233329773,0.6928208470344543,-0.01076811458915472,0.5133615136146545,0.6188685297966003,-0.024457750841975212,0.5196128487586975,0.5559343099594116,-0.038945432752370834,0.484978586435318,0.6884449124336243,-0.029415633529424667,0.40317076444625854,0.7149670124053955,-0.048516541719436646,0.42433518171310425,0.7392855882644653,-0.057051099836826324,0.45294713973999023,0.7363663911819458,-0.060727570205926895,0.4792513847351074,0.7392725944519043,-0.03897213563323021,0.40219926834106445,0.7679473161697388,-0.05197092518210411,0.4277893006801605,0.7842819690704346,-0.048508934676647186,0.45695415139198303,0.7789093852043152,-0.04703446850180626,0.47596749663352966,0.7945131063461304,-0.047757431864738464,0.4112180173397064,0.8172754049301147,-0.0568823479115963,0.43440714478492737,0.8298784494400024,-0.04436306282877922,0.46163687109947205,0.8246116638183594,-0.03672369197010994,0.4742152988910675,0.8492946624755859,-0.05630365386605263,0.4195449650287628,0.8582202196121216,-0.060857243835926056,0.4405878186225891,0.8663735389709473,-0.04945165291428566,0.46624118089675903,0.8639901876449585,-0.04018452763557434,Thumbs_Up
0.5829904079437256,0.8679468035697937,-2.501807898624975e-07,0.5624437928199768,0.7805985808372498,0.000717273389454931,0.5262052416801453,0.6946402788162231,-0.011110641993582249,0.5139105916023254,0.6211214661598206,-0.024461451917886734,0.5197833180427551,0.5587562322616577,-0.038468193262815475,0.4872162938117981,0.6930087208747864,-0.03081604279577732,0.4035288691520691,0.714993953704834,-0.050884097814559937,0.42549920082092285,0.7369275689125061,-0.06003348529338837,0.45549750328063965,0.7354497909545898,-0.0637994259595871,0.4811564087867737,0.7451378703117371,-0.04001517593860626,0.4025140702724457,0.7689068913459778,-0.05320073291659355,0.42860788106918335,0.7843808531761169,-0.04969891160726547,0.45833343267440796,0.7802280783653259,-0.0482066348195076,0.47708776593208313,0.8006355166435242,-0.04850636422634125,0.41232743859291077,0.8187878727912903,-0.05794990435242653,0.43547961115837097,0.8304907083511353,-0.045153532177209854,0.4629333019256592,0.8260778784751892,-0.03720995411276817,0.47456640005111694,0.8551656007766724,-0.05675409734249115,0.4193432927131653,0.8603387475013733,-0.061598580330610275,0.44088053703308105,0.868095874786377,-0.04970330372452736,0.4673355221748352,0.8666859269142151,-0.039988115429878235,Thumbs_Up
0.5829651951789856,0.8689039349555969,-2.480636567270267e-07,0.5622228384017944,0.78008633852005,0.0012342982226982713,0.5265839695930481,0.6941662430763245,-0.011120310053229332,0.5141723155975342,0.6201291084289551,-0.0251430906355381,0.5200908780097961,0.556870698928833,-0.03988228738307953,0.48723703622817993,0.692631721496582,-0.03134068474173546,0.402910441160202,0.715466320514679,-0.0509258434176445,0.4246630370616913,0.7371417880058289,-0.059699781239032745,0.45396581292152405,0.7350121736526489,-0.0633402094244957,0.48123568296432495,0.7446984648704529,-0.04074616730213165,0.40219488739967346,0.7689110040664673,-0.05347774922847748,0.4278436005115509,0.7837035655975342,-0.04975023493170738,0.45711198449134827,0.7793688178062439,-0.048237886279821396,0.4773656129837036,0.7998625636100769,-0.04926038160920143,0.4122965931892395,0.8184565305709839,-0.05764234438538551,0.4350661635398865,0.8300779461860657,-0.04478514567017555,0.46222835779190063,0.8255908489227295,-0.03709513321518898,0.4751163721084595,0.8536208271980286,-0.057536713778972626,0.4191431999206543,0.8596646189689636,-0.06123587489128113,0.43984365463256836,0.8668596148490906,-0.04925139248371124,0.4658062160015106,0.864925742149353,-0.03975258022546768,Thumbs_Up
0.583430290222168,0.8695589303970337,-2.474108953265386e-07,0.56273353099823,0.7803757190704346,0.0014191388618201017,0.5268081426620483,0.6941419839859009,-0.010753996670246124,0.5143073201179504,0.6202036738395691,-0.0245983749628067,0.5203828811645508,0.5569433569908142,-0.03915611281991005,0.48713892698287964,0.6928813457489014,-0.031196968629956245,0.403150349855423,0.7154533863067627,-0.050514545291662216,0.42524924874305725,0.7369874119758606,-0.05905766412615776,0.4547222852706909,0.7346620559692383,-0.0625840574502945,0.48103708028793335,0.7449280023574829,-0.0406360998749733,0.40247592329978943,0.7687049508094788,-0.0531340017914772,0.4284067451953888,0.7835795283317566,-0.0492640845477581,0.4577384889125824,0.7793108224868774,-0.04769592359662056,0.47698095440864563,0.8001287579536438,-0.04913986101746559,0.41242143511772156,0.8185271620750427,-0.05733228474855423,0.43530532717704773,0.8301852345466614,-0.044414080679416656,0.46242865920066833,0.8258111476898193,-0.03674893453717232,0.4744459390640259,0.853996992111206,-0.05739486962556839,0.41892069578170776,0.8599371910095215,-0.061000410467386246,0.4397348463535309,0.8674063682556152,-0.048951368778944016,0.46567302942276,0.8658560514450073,-0.03941646218299866,Thumbs_Up
0.5859881639480591,0.8699051737785339,-2.678784767340403e-07,0.5643808841705322,0.7813775539398193,0.0023533545900136232,0.5288527011871338,0.6944611072540283,-0.009487282484769821,0.5161212086677551,0.6198025345802307,-0.023192232474684715,0.5226402282714844,0.5558714866638184,-0.037630051374435425,0.4877076745033264,0.6910338401794434,-0.028642959892749786,0.40425097942352295,0.7153264284133911,-0.04662461206316948,0.42542317509651184,0.7399893999099731,-0.05463073030114174,0.4541722536087036,0.7379060983657837,-0.05809931829571724,0.48180195689201355,0.7408307790756226,-0.03830772638320923,0.4032950699329376,0.7679112553596497,-0.04944678395986557,0.4285300672054291,0.7843148708343506,-0.045268505811691284,0.45712408423423767,0.7795700430870056,-0.04371648654341698,0.47853797674179077,0.7947353720664978,-0.04700980708003044,0.41256973147392273,0.8161070346832275,-0.054130155593156815,0.43568819761276245,0.8289861679077148,-0.04149707034230232,0.46256911754608154,0.824253499507904,-0.03432123363018036,0.4771844744682312,0.8481409549713135,-0.05541004240512848,0.42124778032302856,0.8567589521408081,-0.0586368553340435,0.44229233264923096,0.8646111488342285,-0.04711991921067238,0.4677973687648773,0.8623414039611816,-0.03810081630945206,Thumbs_Up
0.5869396924972534,0.8702839612960815,-2.6366902261543146e-07,0.5656775236129761,0.7817188501358032,0.0018033909145742655,0.5289226770401001,0.6947630047798157,-0.009909727610647678,0.5165221691131592,0.6198287606239319,-0.02332940511405468,0.5230309367179871,0.5561543703079224,-0.03745303675532341,0.4872075319290161,0.6901229023933411,-0.029009873047471046,0.4046819806098938,0.7152911424636841,-0.047228600829839706,0.4263754189014435,0.7393966913223267,-0.05524842441082001,0.45530587434768677,0.7366496920585632,-0.05868658050894737,0.48151370882987976,0.7406291365623474,-0.038429148495197296,0.4039526581764221,0.768625795841217,-0.050046276301145554,0.4299628734588623,0.7847058773040771,-0.04588773474097252,0.458780437707901,0.7795109152793884,-0.04431893303990364,0.4781593680381775,0.7951934337615967,-0.04697941243648529,0.4128449261188507,0.8168231844902039,-0.054886218160390854,0.43666771054267883,0.8295501470565796,-0.042192067950963974,0.4636646807193756,0.8246971368789673,-0.034822143614292145,0.4765891134738922,0.8490198254585266,-0.05523587018251419,0.42095184326171875,0.8572075366973877,-0.05920887365937233,0.44270819425582886,0.8657577633857727,-0.047662023454904556,0.468472957611084,0.8639350533485413,-0.0384327694773674,Thumbs_Up
0.5874979496002197,0.871404767036438,-2.644965491072071e-07,0.5662813782691956,0.7824636697769165,0.002194596454501152,0.5292708873748779,0.6951566338539124,-0.009381687268614769,0.5166545510292053,0.6201833486557007,-0.02272876165807247,0.522986650466919,0.5564116835594177,-0.03682829439640045,0.4869413673877716,0.6902230381965637,-0.028514204546809196,0.4046686887741089,0.715789258480072,-0.04635429009795189,0.4261149764060974,0.7399457693099976,-0.05422753095626831,0.45489421486854553,0.7371065020561218,-0.05763953551650047,0.48145100474357605,0.7408661842346191,-0.038156136870384216,0.40372368693351746,0.7686330080032349,-0.049487266689538956,0.42957499623298645,0.7846099138259888,-0.04535345733165741,0.4584595561027527,0.779573380947113,-0.04384414851665497,0.4783138930797577,0.7954761981964111,-0.04685207083821297,0.41251474618911743,0.8167535662651062,-0.05459139123558998,0.4364457130432129,0.8293209075927734,-0.04182763397693634,0.46364036202430725,0.8246197700500488,-0.03443119674921036,0.47700050473213196,0.8493815064430237,-0.055211637169122696,0.4209650754928589,0.8570519089698792,-0.0591215118765831,0.4428389370441437,0.8654660582542419,-0.047412339597940445,0.4687792956829071,0.8637752532958984,-0.03806822746992111,Thumbs_Up
0.587993860244751,0.8713696599006653,-2.699381411730428e-07,0.566292405128479,0.7816571593284607,0.0029616267420351505,0.5295335054397583,0.6948666572570801,-0.00901560578495264,0.5173423290252686,0.6209954023361206,-0.023265289142727852,0.524118959903717,0.5570518970489502,-0.03823466598987579,0.4905395805835724,0.6895721554756165,-0.028443433344364166,0.40676507353782654,0.7143507599830627,-0.047840751707553864,0.4286162257194519,0.738123893737793,-0.056658439338207245,0.45843958854675293,0.7353108525276184,-0.060428231954574585,0.48463794589042664,0.7402757406234741,-0.03906268626451492,0.40530043840408325,0.7664270997047424,-0.051651518791913986,0.43124741315841675,0.7823298573493958,-0.04789261519908905,0.46065402030944824,0.7774524092674255,-0.04648459702730179,0.48075196146965027,0.7952866554260254,-0.04880655184388161,0.4131612777709961,0.8154299855232239,-0.05717959627509117,0.4373663365840912,0.8283035755157471,-0.04412142559885979,0.46535560488700867,0.8234100341796875,-0.03648319095373154,0.4783462584018707,0.8500077128410339,-0.058259204030036926,0.42139121890068054,0.8571357727050781,-0.06252219527959824,0.443187415599823,0.8651837706565857,-0.050883445888757706,0.4696401059627533,0.8635175228118896,-0.041640158742666245,Thumbs_Up
0.5882753133773804,0.8722582459449768,-2.6332938318773813e-07,0.5667886137962341,0.7826768159866333,0.0027412164490669966,0.5300418138504028,0.6942883133888245,-0.008750081062316895,0.5180755853652954,0.6197099685668945,-0.022338099777698517,0.5243533849716187,0.5562456250190735,-0.0366741418838501,0.4897373914718628,0.690430760383606,-0.027932489290833473,0.4075030982494354,0.714816153049469,-0.04626281186938286,0.42927074432373047,0.7381224632263184,-0.054653752595186234,0.4585252106189728,0.7352442145347595,-0.05835716798901558,0.48338782787323,0.7411381602287292,-0.038229718804359436,0.40566933155059814,0.7667672634124756,-0.049905259162187576,0.43146297335624695,0.7822973728179932,-0.04615413025021553,0.4606931805610657,0.7777661681175232,-0.04489719867706299,0.47939133644104004,0.7957256436347961,-0.0476057305932045,0.4134764075279236,0.8156693577766418,-0.05539220571517944,0.4375040531158447,0.8282128572463989,-0.04266384616494179,0.465299129486084,0.8236193060874939,-0.03536803275346756,0.47692960500717163,0.8497944474220276,-0.05670446902513504,0.4210028648376465,0.8564530611038208,-0.0606900155544281,0.442874938249588,0.8649451732635498,-0.04908705875277519,0.46914201974868774,0.8636313080787659,-0.03988391160964966,Thumbs_Up
0.5879566073417664,0.8717963099479675,-2.584338005817699e-07,0.5665518045425415,0.7821228504180908,0.00260996469296515,0.529979944229126,0.693993866443634,-0.009081922471523285,0.5177519917488098,0.619444727897644,-0.022697240114212036,0.5242748856544495,0.5561491250991821,-0.037106502801179886,0.48937153816223145,0.6903290748596191,-0.029111642390489578,0.40691983699798584,0.7151037454605103,-0.04701904207468033,0.42843377590179443,0.7383622527122498,-0.054832473397254944,0.45736703276634216,0.7353880405426025,-0.05824900418519974,0.48346197605133057,0.7409054636955261,-0.039255041629076004,0.40535712242126465,0.7671492695808411,-0.050516415387392044,0.43102532625198364,0.782538890838623,-0.04634704813361168,0.46001455187797546,0.778037428855896,-0.045003682374954224,0.47971922159194946,0.7954061031341553,-0.04835532605648041,0.4139498174190521,0.8159403800964355,-0.05565587058663368,0.4379843473434448,0.8280442357063293,-0.042648643255233765,0.46544530987739563,0.8232851624488831,-0.035424817353487015,0.47744306921958923,0.8494557738304138,-0.05716930702328682,0.42166849970817566,0.856541633605957,-0.060820575803518295,0.4437142014503479,0.864622950553894,-0.04901687428355217,0.4697071313858032,0.8630859851837158,-0.03984525427222252,Thumbs_Up
0.5888790488243103,0.8713924288749695,-2.7184873374608287e-07,0.5678666234016418,0.7827714681625366,0.0023102005943655968,0.529431164264679,0.6940577030181885,-0.008765132166445255,0.5168457627296448,0.6189100742340088,-0.02180788666009903,0.5229772925376892,0.5550960898399353,-0.035534217953681946,0.4889070689678192,0.6892544031143188,-0.027829714119434357,0.40723517537117004,0.7152059674263,-0.046009209007024765,0.4280156195163727,0.7392992377281189,-0.05401349067687988,0.4561391770839691,0.7353630661964417,-0.05758563429117203,0.48362407088279724,0.7397890090942383,-0.037966273725032806,0.4056130349636078,0.7682965397834778,-0.050114307552576065,0.43094560503959656,0.7840585708618164,-0.046153925359249115,0.4594596028327942,0.7782204151153564,-0.044613949954509735,0.4804849326610565,0.7942985892295837,-0.047323983162641525,0.41352447867393494,0.8168176412582397,-0.05558554455637932,0.4365136921405792,0.8291801810264587,-0.04283476993441582,0.46318531036376953,0.8236127495765686,-0.035356100648641586,0.4789254665374756,0.847734272480011,-0.056425079703330994,0.4211355447769165,0.8574424386024475,-0.06035614013671875,0.4415189027786255,0.8658024072647095,-0.048859596252441406,0.4668769836425781,0.8631036877632141,-0.03977621719241142,Thumbs_Up
