0.5021024346351624,0.7573308944702148,1.7980330824229895e-07,0.48860201239585876,0.6818606853485107,-0.011857694014906883,0.45357751846313477,0.5990176796913147,-0.023728374391794205,0.42544490098953247,0.5317754149436951,-0.03315979242324829,0.4128701388835907,0.47264665365219116,-0.04570581763982773,0.4634934961795807,0.6012791395187378,-0.05600693076848984,0.4229423701763153,0.5529544949531555,-0.0835963562130928,0.3853299021720886,0.5244001150131226,-0.09968934208154678,0.3535081744194031,0.5041658282279968,-0.11087635159492493,0.46195486187934875,0.6459860801696777,-0.06475525349378586,0.3984215259552002,0.6022510528564453,-0.090273916721344,0.34884732961654663,0.5751235485076904,-0.10510676354169846,0.30948394536972046,0.5597649216651917,-0.11816519498825073,0.45634692907333374,0.7029589414596558,-0.07218919694423676,0.39405545592308044,0.672414243221283,-0.0979834571480751,0.34697914123535156,0.6557348370552063,-0.1108681708574295,0.30909234285354614,0.6434365510940552,-0.12070332467556,0.4462006390094757,0.7620511054992676,-0.0786835253238678,0.4037419855594635,0.7548173666000366,-0.10405933856964111,0.37349605560302734,0.7459967136383057,-0.11508101969957352,0.34584498405456543,0.7367314100265503,-0.12250275909900665,Left
0.5038447380065918,0.7722101807594299,8.330647460752516e-08,0.48717936873435974,0.6875081658363342,-0.006599959451705217,0.4512549936771393,0.5991345047950745,-0.018213963136076927,0.42219460010528564,0.5289562940597534,-0.028964698314666748,0.4114808440208435,0.4650954008102417,-0.04353518411517143,0.465290367603302,0.6023089289665222,-0.053124215453863144,0.4211825430393219,0.5574277639389038,-0.0812997967004776,0.3857842683792114,0.5270736813545227,-0.0984601229429245,0.35362935066223145,0.504191517829895,-0.11071493476629257,0.46234384179115295,0.6474462747573853,-0.06578847765922546,0.4002079367637634,0.6034801006317139,-0.09203378856182098,0.3509204089641571,0.5745569467544556,-0.10699134320020676,0.3075454831123352,0.5588421821594238,-0.12032119184732437,0.4569070339202881,0.7072190642356873,-0.07681134343147278,0.39183980226516724,0.6760069131851196,-0.10430145263671875,0.3439074456691742,0.6573387980461121,-0.1168501153588295,0.3026893138885498,0.644524097442627,-0.12651948630809784,0.44799917936325073,0.7715102434158325,-0.08637772500514984,0.4031641483306885,0.7602510452270508,-0.11396745592355728,0.37123236060142517,0.7518041729927063,-0.12475726008415222,0.3417178988456726,0.7443934082984924,-0.13205550611019135,Left
0.5083208084106445,0.7807201147079468,1.372918134734391e-08,0.4872892498970032,0.6911725401878357,-0.005111630540341139,0.4501952826976776,0.6008656620979309,-0.015511708334088326,0.4206426739692688,0.5277780294418335,-0.02571263164281845,0.4096485376358032,0.4629868268966675,-0.03950445353984833,0.4654231667518616,0.6044230461120605,-0.047978706657886505,0.4212768077850342,0.5594052076339722,-0.07484816759824753,0.3865925073623657,0.5302839875221252,-0.09138176590204239,0.35434871912002563,0.5060782432556152,-0.1034981831908226,0.463284969329834,0.6501479744911194,-0.06087346747517586,0.40249302983283997,0.605895459651947,-0.08630583435297012,0.3546651005744934,0.5761271119117737,-0.10114365071058273,0.31119653582572937,0.5577524304389954,-0.11471355706453323,0.4584729075431824,0.709750235080719,-0.07226032763719559,0.3932357728481293,0.6777620315551758,-0.09959273040294647,0.3460457921028137,0.6597447395324707,-0.11193656176328659,0.3052833080291748,0.646251380443573,-0.12146627902984619,0.45099619030952454,0.7734372019767761,-0.0822366252541542,0.40562283992767334,0.7600984573364258,-0.10985533893108368,0.37383636832237244,0.7509432435035706,-0.12115165591239929,0.3445473313331604,0.7434128522872925,-0.1288832426071167,Left
0.508194088935852,0.7835445404052734,3.477222509928879e-09,0.4859219193458557,0.689795732498169,-0.004349198192358017,0.44915980100631714,0.599091112613678,-0.014674177393317223,0.4193497598171234,0.5264434814453125,-0.02498830109834671,0.4095999598503113,0.4611735939979553,-0.03879557549953461,0.46588245034217834,0.6031804084777832,-0.046174123883247375,0.42142876982688904,0.5580022931098938,-0.07227600365877151,0.38715893030166626,0.5296211838722229,-0.08856412768363953,0.3549146354198456,0.5043853521347046,-0.10072305053472519,0.46432527899742126,0.6506496071815491,-0.05925446376204491,0.40262120962142944,0.6069726943969727,-0.08364882320165634,0.354719877243042,0.5780178308486938,-0.09820200502872467,0.3108269274234772,0.5588997602462769,-0.11203156411647797,0.45983433723449707,0.7112575769424438,-0.0707913190126419,0.39395540952682495,0.6804444193840027,-0.09674113988876343,0.3479079604148865,0.6618761420249939,-0.1079566553235054,0.3078113794326782,0.6465665698051453,-0.1171756461262703,0.45236775279045105,0.7751380205154419,-0.08101293444633484,0.40595346689224243,0.7619346976280212,-0.10680459439754486,0.3742712140083313,0.7517503499984741,-0.11689604818820953,0.34479033946990967,0.7425477504730225,-0.1242792010307312,Left
0.5068702101707458,0.7836803197860718,-2.987916403185409e-08,0.4848409593105316,0.6894967555999756,-0.0036304276436567307,0.4472125172615051,0.6000268459320068,-0.013924960047006607,0.4173983335494995,0.5281432271003723,-0.024291254580020905,0.40696772933006287,0.46372801065444946,-0.03799213469028473,0.4637960195541382,0.6013147234916687,-0.04535432159900665,0.4180936813354492,0.5567243695259094,-0.07186080515384674,0.38266098499298096,0.5302169919013977,-0.0885753259062767,0.3499612808227539,0.508266806602478,-0.10086096078157425,0.46185311675071716,0.6500309109687805,-0.058744028210639954,0.39928603172302246,0.6082420945167542,-0.08299155533313751,0.3524933457374573,0.5791826248168945,-0.09726237505674362,0.3099972605705261,0.5594395399093628,-0.11090805381536484,0.4570920467376709,0.7112693190574646,-0.07067552953958511,0.39084529876708984,0.6824280619621277,-0.09619554132223129,0.34533455967903137,0.6632390022277832,-0.10700152069330215,0.3055677115917206,0.6455052495002747,-0.11612151563167572,0.4503591060638428,0.7747798562049866,-0.0813104510307312,0.4033483564853668,0.763768196105957,-0.10692156851291656,0.37087875604629517,0.7541258335113525,-0.11690057814121246,0.3409639000892639,0.7442250847816467,-0.12418092787265778,Left
0.5054064989089966,0.7829291820526123,-1.644322367155837e-08,0.48367011547088623,0.6899137496948242,-0.0035590557381510735,0.44621479511260986,0.5993205308914185,-0.013342749327421188,0.4171419143676758,0.5267252326011658,-0.023164251819252968,0.4081304371356964,0.4620732069015503,-0.036446262151002884,0.4603092074394226,0.5994256138801575,-0.04538039490580559,0.41383200883865356,0.555144727230072,-0.07119078189134598,0.379638671875,0.5289782285690308,-0.08729871362447739,0.34824103116989136,0.5064651370048523,-0.09922012686729431,0.45911967754364014,0.6480504870414734,-0.05864845961332321,0.39716482162475586,0.6058741807937622,-0.08260194212198257,0.3507147431373596,0.578040599822998,-0.09659171104431152,0.30867207050323486,0.5593793392181396,-0.10993710160255432,0.455424427986145,0.7097170352935791,-0.07038895040750504,0.38948801159858704,0.6805874109268188,-0.09575854986906052,0.3439163863658905,0.6625827550888062,-0.10652810335159302,0.3044947683811188,0.6464394330978394,-0.11552257090806961,0.4493543207645416,0.7740182876586914,-0.08078571408987045,0.4021099805831909,0.7629970908164978,-0.10642954707145691,0.3701838254928589,0.7539416551589966,-0.11638789623975754,0.3409237265586853,0.7446825504302979,-0.1235688105225563,Left
0.5057759284973145,0.7846673727035522,-6.061550372749025e-09,0.4838511645793915,0.6907938718795776,-0.0033252211287617683,0.44685107469558716,0.6000780463218689,-0.01311233639717102,0.417492538690567,0.5273427963256836,-0.02298848144710064,0.40928441286087036,0.46256959438323975,-0.03629692643880844,0.4607155919075012,0.6013781428337097,-0.04539778456091881,0.4147668480873108,0.5560625791549683,-0.07159430533647537,0.3810558617115021,0.5290526747703552,-0.08806020766496658,0.35003048181533813,0.5059496164321899,-0.1000872328877449,0.45969629287719727,0.6498540043830872,-0.05869601294398308,0.39772436022758484,0.6072870492935181,-0.08281058818101883,0.3512454926967621,0.5785646438598633,-0.09709013253450394,0.30910584330558777,0.5591776967048645,-0.11063457280397415,0.45589327812194824,0.7112403512001038,-0.0704372227191925,0.38984525203704834,0.6823073029518127,-0.09568356722593307,0.34405648708343506,0.6640390157699585,-0.10652043670415878,0.3041938841342926,0.6477977633476257,-0.11557585000991821,0.4494067132472992,0.7753274440765381,-0.08083604276180267,0.4022918939590454,0.76419997215271,-0.10614358633756638,0.37034088373184204,0.7545651793479919,-0.11598370969295502,0.3407364785671234,0.7447299361228943,-0.12311521172523499,Left
0.5054108500480652,0.7779110670089722,-9.880394280514793e-10,0.4815693795681,0.686011552810669,-0.0073511903174221516,0.44327765703201294,0.5964137315750122,-0.01802041381597519,0.41552579402923584,0.5234155654907227,-0.027913421392440796,0.40649038553237915,0.45888715982437134,-0.04104560986161232,0.4609287977218628,0.5998779535293579,-0.04936517775058746,0.41701480746269226,0.5566364526748657,-0.07677138596773148,0.3818133473396301,0.5307191610336304,-0.09439484030008316,0.34889063239097595,0.5079565644264221,-0.10737385600805283,0.45781388878822327,0.647553026676178,-0.06059282273054123,0.39883682131767273,0.6054754257202148,-0.08596574515104294,0.350806325674057,0.5790645480155945,-0.10103213042020798,0.3072780668735504,0.5628110766410828,-0.11552926898002625,0.45176267623901367,0.7072834372520447,-0.07059373706579208,0.3900691568851471,0.6783958077430725,-0.09677084535360336,0.3436600863933563,0.6612913608551025,-0.1083923801779747,0.30235856771469116,0.6481606960296631,-0.11834294348955154,0.4426199793815613,0.7704205513000488,-0.07972632348537445,0.40105515718460083,0.7590975761413574,-0.10620740801095963,0.3706282675266266,0.7502055168151855,-0.11749368160963058,0.34059280157089233,0.7419458031654358,-0.12601523101329803,Left
0.5054739713668823,0.7779540419578552,6.088441750762286e-09,0.4829696714878082,0.686212956905365,-0.007174051366746426,0.44488486647605896,0.5958356857299805,-0.017672790214419365,0.4158475995063782,0.522703230381012,-0.027460932731628418,0.40755826234817505,0.45760905742645264,-0.04059569537639618,0.4605926275253296,0.6015129089355469,-0.04919134080410004,0.41732916235923767,0.5576338768005371,-0.07661088556051254,0.3828650414943695,0.5310646891593933,-0.0942082330584526,0.3503040671348572,0.5077344179153442,-0.1071435958147049,0.4576481878757477,0.6488952040672302,-0.06050362437963486,0.3990275263786316,0.6060060262680054,-0.08542031049728394,0.3508685529232025,0.5793352127075195,-0.10039230436086655,0.3069756031036377,0.5628768801689148,-0.11479638516902924,0.4518114924430847,0.7085217237472534,-0.07061395049095154,0.39115673303604126,0.678191065788269,-0.09670473635196686,0.3445514440536499,0.6603808403015137,-0.10878913104534149,0.3029981255531311,0.6470741033554077,-0.11896829307079315,0.44239795207977295,0.7720066905021667,-0.07976970076560974,0.40041452646255493,0.759871780872345,-0.10642747581005096,0.3696896731853485,0.750627338886261,-0.11796969175338745,0.33963656425476074,0.7422995567321777,-0.12657521665096283,Left
0.5060242414474487,0.778814435005188,1.4427485872658963e-08,0.4831821322441101,0.687221884727478,-0.006707774009555578,0.444393128156662,0.5965744256973267,-0.017123525962233543,0.41501012444496155,0.523032009601593,-0.026882745325565338,0.40662211179733276,0.45807182788848877,-0.04004264250397682,0.4598720669746399,0.6021633148193359,-0.04933690279722214,0.41673555970191956,0.5577499866485596,-0.07717623561620712,0.38237956166267395,0.5308613181114197,-0.09505698084831238,0.35015952587127686,0.5076085329055786,-0.10808127373456955,0.45724958181381226,0.6491307020187378,-0.06096731126308441,0.39842933416366577,0.6057615280151367,-0.08631084859371185,0.3503049314022064,0.5789527297019958,-0.10152986645698547,0.30654463171958923,0.5623956918716431,-0.11603835970163345,0.4517546594142914,0.7087162137031555,-0.07130786776542664,0.3906377851963043,0.6776216626167297,-0.09761717915534973,0.34362781047821045,0.6602389812469482,-0.10968876630067825,0.3016718924045563,0.6473307609558105,-0.11984685063362122,0.44267529249191284,0.7725046277046204,-0.08062778413295746,0.40100914239883423,0.7596986889839172,-0.10731419920921326,0.3703620135784149,0.7506439685821533,-0.1187557503581047,0.34003105759620667,0.7423335313796997,-0.12730981409549713,Left
0.505743145942688,0.7808448076248169,8.087526204292317e-09,0.4829770624637604,0.6879218816757202,-0.003815223928540945,0.44464218616485596,0.5973793864250183,-0.014202028512954712,0.4159015715122223,0.5249607563018799,-0.02460133470594883,0.40818583965301514,0.4601840078830719,-0.03849828988313675,0.459881454706192,0.6001086235046387,-0.048328712582588196,0.416995108127594,0.5564005374908447,-0.07660161703824997,0.38320600986480713,0.5290955901145935,-0.09436111152172089,0.35135549306869507,0.5069512128829956,-0.10711140185594559,0.45930200815200806,0.6485165953636169,-0.062080830335617065,0.3985237181186676,0.6039680242538452,-0.08823201805353165,0.3506363034248352,0.5760206580162048,-0.10373077541589737,0.30754899978637695,0.5601312518119812,-0.11825580894947052,0.4556940197944641,0.709722101688385,-0.07429884374141693,0.3924211859703064,0.6780849695205688,-0.1021154597401619,0.3462192714214325,0.6601050496101379,-0.1152958869934082,0.3057771325111389,0.6470767855644226,-0.12581217288970947,0.4478604793548584,0.7746978998184204,-0.08498506993055344,0.4029577076435089,0.7607547640800476,-0.11287418007850647,0.3720379173755646,0.7512034177780151,-0.12491384148597717,0.34287452697753906,0.7422605752944946,-0.13374242186546326,Left
0.5047810077667236,0.7782070636749268,-1.4297567574317327e-08,0.48083361983299255,0.6863501071929932,-0.004859795793890953,0.44256454706192017,0.5967490673065186,-0.015612734481692314,0.4147748351097107,0.5249407887458801,-0.02610279619693756,0.40738311409950256,0.46041393280029297,-0.040004368871450424,0.4594263434410095,0.5975015163421631,-0.049956899136304855,0.4155859649181366,0.5536430478096008,-0.07806677371263504,0.381453275680542,0.527285099029541,-0.09583458304405212,0.3489709794521332,0.5056086778640747,-0.10879123955965042,0.4590705335140228,0.6467728018760681,-0.06320669502019882,0.39906027913093567,0.6040695309638977,-0.08984792232513428,0.3511793315410614,0.5770690441131592,-0.10555760562419891,0.30753612518310547,0.5617425441741943,-0.12033785879611969,0.4557449221611023,0.7085132598876953,-0.07490643113851547,0.3936026692390442,0.6782492399215698,-0.10296913981437683,0.34717878699302673,0.6600483655929565,-0.11606485396623611,0.30625036358833313,0.6463478207588196,-0.12659487128257751,0.44827619194984436,0.7734490633010864,-0.08518782258033752,0.4028281271457672,0.759667694568634,-0.11365244537591934,0.3715924024581909,0.7500839233398438,-0.12580528855323792,0.3422805666923523,0.741702675819397,-0.13460274040699005,Left
0.5049552917480469,0.7787429094314575,-1.0372960268512088e-08,0.481672465801239,0.6881936192512512,-0.0054802726954221725,0.4433814287185669,0.5985931754112244,-0.016250161454081535,0.4154302179813385,0.5266759991645813,-0.026536904275417328,0.4071367383003235,0.46205633878707886,-0.04014302417635918,0.46017026901245117,0.5992351770401001,-0.050352536141872406,0.4158656895160675,0.5544999241828918,-0.07813257724046707,0.38141846656799316,0.5276554822921753,-0.0953843742609024,0.3490648865699768,0.5052146911621094,-0.1079549789428711,0.45967042446136475,0.648116946220398,-0.06302236020565033,0.4002748429775238,0.6049314141273499,-0.08984951674938202,0.3522794246673584,0.5770696401596069,-0.1057092472910881,0.30894699692726135,0.5607165694236755,-0.12044908851385117,0.4557435214519501,0.7093725204467773,-0.07408558577299118,0.3938291072845459,0.6791066527366638,-0.10265052318572998,0.34732794761657715,0.660718560218811,-0.11623157560825348,0.30715981125831604,0.6464459300041199,-0.1267939805984497,0.4475170373916626,0.7738078832626343,-0.08367208391427994,0.4010451138019562,0.7605282068252563,-0.1127709299325943,0.3697155714035034,0.7507928013801575,-0.12542331218719482,0.34100601077079773,0.7419114112854004,-0.1343197375535965,Left
0.5047317147254944,0.7798585891723633,1.1100182994994157e-08,0.48185017704963684,0.6873553395271301,-0.005436664447188377,0.4453849196434021,0.5978969931602478,-0.016304150223731995,0.4171147644519806,0.5259315967559814,-0.02686223015189171,0.40894344449043274,0.4617125988006592,-0.04073717072606087,0.46072661876678467,0.6018420457839966,-0.04939042404294014,0.4167795181274414,0.5548365116119385,-0.07752134650945663,0.3829095661640167,0.5267999172210693,-0.09510059654712677,0.3507796823978424,0.5048606395721436,-0.10758911073207855,0.4600087106227875,0.6494450569152832,-0.06209379434585571,0.4007728397846222,0.6054364442825317,-0.08885733038187027,0.35259246826171875,0.5774414539337158,-0.10411319136619568,0.30848151445388794,0.5615001916885376,-0.11815537512302399,0.4559417963027954,0.7102106213569641,-0.07338811457157135,0.3952987790107727,0.6807279586791992,-0.10089976340532303,0.3487136662006378,0.6617913842201233,-0.11294998228549957,0.3075770139694214,0.6475028395652771,-0.12253638356924057,0.4474990665912628,0.7745513319969177,-0.08344025164842606,0.4037797451019287,0.7616330981254578,-0.11078035086393356,0.37255600094795227,0.7510712742805481,-0.12187409400939941,0.34251391887664795,0.742118239402771,-0.1297987699508667,Left
0.5044365525245667,0.779487669467926,6.87201184845776e-09,0.4810669720172882,0.6868631839752197,-0.005230572074651718,0.4446442723274231,0.598090410232544,-0.016220729798078537,0.41662102937698364,0.5268034338951111,-0.026942366734147072,0.4082217216491699,0.46258148550987244,-0.04098469018936157,0.46044546365737915,0.6007559299468994,-0.049408718943595886,0.4166642427444458,0.5547031164169312,-0.07762541621923447,0.3826388716697693,0.5271292328834534,-0.09531587362289429,0.3505648374557495,0.5051931142807007,-0.1079072505235672,0.4598856568336487,0.6486738920211792,-0.062290992587804794,0.4009059965610504,0.6048392653465271,-0.08916161209344864,0.35271093249320984,0.5768889784812927,-0.10450801253318787,0.3087649941444397,0.5607894659042358,-0.11861345171928406,0.4560079574584961,0.7097492218017578,-0.07372966408729553,0.3956601917743683,0.6799800395965576,-0.10139534622430801,0.34883764386177063,0.6611869931221008,-0.11358146369457245,0.3075701594352722,0.6468135714530945,-0.12324590981006622,0.44784602522850037,0.7743545770645142,-0.0838920995593071,0.4042973816394806,0.7617185115814209,-0.11148032546043396,0.3727085292339325,0.7508966326713562,-0.12281305342912674,0.34239035844802856,0.7415081262588501,-0.13087032735347748,Left
0.5041797757148743,0.7787238359451294,6.480032954669923e-09,0.48124974966049194,0.6867194771766663,-0.005409716162830591,0.4449625313282013,0.5984046459197998,-0.01648842543363571,0.41700512170791626,0.5276031494140625,-0.02726270817220211,0.4079780876636505,0.463684618473053,-0.04135142266750336,0.4602814018726349,0.6005713939666748,-0.04973585158586502,0.41629961133003235,0.5545464754104614,-0.07808559387922287,0.3821209669113159,0.5270600914955139,-0.09581061452627182,0.35004809498786926,0.5054900646209717,-0.1083645299077034,0.45976778864860535,0.6483887434005737,-0.06254912167787552,0.40069088339805603,0.6047627329826355,-0.08962385356426239,0.3525185286998749,0.5768095850944519,-0.10502126067876816,0.30871322751045227,0.5606817007064819,-0.11910839378833771,0.45594385266304016,0.7094234228134155,-0.07392977178096771,0.3957117199897766,0.6803746819496155,-0.1017846167087555,0.34896546602249146,0.6614598035812378,-0.11410198360681534,0.30789798498153687,0.6466637849807739,-0.12381928414106369,0.4478594660758972,0.7739128470420837,-0.08403858542442322,0.404268741607666,0.7617449760437012,-0.11187704652547836,0.3727199137210846,0.7510443925857544,-0.12337476015090942,0.34253451228141785,0.7416146993637085,-0.1315070539712906,Left
0.5063043832778931,0.7781211137771606,1.130234839052946e-08,0.4820718765258789,0.6876316666603088,-0.007158516440540552,0.44446584582328796,0.598556637763977,-0.01922224834561348,0.41646111011505127,0.5270023345947266,-0.030659925192594528,0.4068341553211212,0.462155818939209,-0.045260101556777954,0.4612186849117279,0.6011751890182495,-0.05240640789270401,0.41725096106529236,0.5577018857002258,-0.08263598382472992,0.38346564769744873,0.5299739837646484,-0.10195202380418777,0.3519474267959595,0.5081058740615845,-0.11556980013847351,0.4603332579135895,0.6498812437057495,-0.06483770161867142,0.40097400546073914,0.6065572500228882,-0.09337563067674637,0.353956401348114,0.5782945156097412,-0.10988061875104904,0.3115687966346741,0.5623327493667603,-0.12492146342992783,0.4565553367137909,0.7109189033508301,-0.07599036395549774,0.39475134015083313,0.6819046139717102,-0.10513311624526978,0.34849315881729126,0.6625950932502747,-0.11809307336807251,0.30841800570487976,0.6475858688354492,-0.12828095257282257,0.44906187057495117,0.7750179767608643,-0.08601270616054535,0.40367910265922546,0.7612340450286865,-0.11485128104686737,0.37159785628318787,0.751325786113739,-0.12688754498958588,0.34177327156066895,0.742863118648529,-0.13546787202358246,Left
0.5061179399490356,0.7793919444084167,2.150683187096547e-08,0.4827749729156494,0.6880254745483398,-0.0061407918110489845,0.4452968239784241,0.5987347364425659,-0.018143305554986,0.416742742061615,0.5267252922058105,-0.029699433594942093,0.40714794397354126,0.4617135524749756,-0.04458630084991455,0.4621685743331909,0.6025427579879761,-0.05269274488091469,0.4184740483760834,0.5584244728088379,-0.08322955667972565,0.3848169147968292,0.5303938388824463,-0.10271593928337097,0.35319244861602783,0.5075722932815552,-0.11654078215360641,0.46086573600769043,0.6508694887161255,-0.06579442322254181,0.4015175700187683,0.6067638397216797,-0.09457246959209442,0.35460788011550903,0.5781627893447876,-0.1113843098282814,0.31193453073501587,0.5612008571624756,-0.12673771381378174,0.45657095313072205,0.7114872336387634,-0.07746859639883041,0.39442476630210876,0.6811237931251526,-0.10702035576105118,0.3485642075538635,0.6613385081291199,-0.12047714740037918,0.30817437171936035,0.6460785865783691,-0.13109910488128662,0.4484313428401947,0.7754525542259216,-0.08784012496471405,0.4039353132247925,0.7611842155456543,-0.11697693914175034,0.3722981810569763,0.7511524558067322,-0.12933765351772308,0.34223487973213196,0.7421455383300781,-0.13831859827041626,Left
0.5063369274139404,0.7791739702224731,1.521548576022269e-08,0.4823828935623169,0.6875490546226501,-0.0064746723510324955,0.4449835419654846,0.5982958078384399,-0.018528694286942482,0.4166059195995331,0.5265011191368103,-0.030069667845964432,0.4071168899536133,0.46134448051452637,-0.04488498717546463,0.46201035380363464,0.6020815968513489,-0.05254253372550011,0.4178256392478943,0.557632565498352,-0.08273151516914368,0.3840095102787018,0.5292911529541016,-0.10200337320566177,0.35250797867774963,0.5067139267921448,-0.11566955596208572,0.4608519375324249,0.6507963538169861,-0.06530109792947769,0.4013296365737915,0.6067920327186584,-0.09364119172096252,0.3541131019592285,0.5783677101135254,-0.1100640520453453,0.3113935589790344,0.5620936751365662,-0.12516926229000092,0.4567692279815674,0.7115636467933655,-0.0766880214214325,0.39469075202941895,0.6814553737640381,-0.10561484098434448,0.34866195917129517,0.661668062210083,-0.11866481602191925,0.3084542453289032,0.6466054916381836,-0.12910009920597076,0.4488193094730377,0.775492787361145,-0.08687281608581543,0.4040606915950775,0.7614222764968872,-0.11548978090286255,0.3722103536128998,0.7510747909545898,-0.12762783467769623,0.34228214621543884,0.7421321868896484,-0.13647396862506866,Left
0.5031402111053467,0.7760669589042664,2.3181591757293063e-08,0.48097360134124756,0.6853797435760498,-0.006317740306258202,0.44294115900993347,0.5971917510032654,-0.018017856404185295,0.4143323600292206,0.5259615182876587,-0.029158832505345345,0.4067299962043762,0.46140986680984497,-0.043509334325790405,0.45958882570266724,0.6002750396728516,-0.05129237473011017,0.4157617688179016,0.5547627806663513,-0.07981689274311066,0.3818526566028595,0.5278307795524597,-0.09743532538414001,0.3498825430870056,0.5070189237594604,-0.10997149348258972,0.45726072788238525,0.6490614414215088,-0.06373058259487152,0.3989879786968231,0.6046481728553772,-0.09075082838535309,0.3519410789012909,0.5772995352745056,-0.10589329898357391,0.3097809851169586,0.5622139573097229,-0.11999194324016571,0.451921671628952,0.7103273868560791,-0.07477601617574692,0.3920077681541443,0.678783118724823,-0.10302992165088654,0.34759634733200073,0.6602709293365479,-0.11551918834447861,0.3090575933456421,0.6469602584838867,-0.1253741979598999,0.44282662868499756,0.7743672728538513,-0.0845586508512497,0.4004599452018738,0.7590383887290955,-0.11278869211673737,0.370678573846817,0.7491352558135986,-0.12455549836158752,0.3426591753959656,0.7413877844810486,-0.1329735666513443,Left
0.5043197870254517,0.7771775722503662,3.1385862797606023e-08,0.4826883375644684,0.6862014532089233,-0.006525958422571421,0.4446837604045868,0.5968765020370483,-0.018071947619318962,0.41474634408950806,0.5242964029312134,-0.028896845877170563,0.4062874913215637,0.45990779995918274,-0.04295298084616661,0.4603571593761444,0.6033386588096619,-0.051801253110170364,0.41758784651756287,0.5573557019233704,-0.08079013973474503,0.3833305835723877,0.5302644371986389,-0.09869983047246933,0.35089826583862305,0.5085452198982239,-0.1113709956407547,0.458129346370697,0.6509284973144531,-0.06400135159492493,0.40019217133522034,0.6057475805282593,-0.09160089492797852,0.35250332951545715,0.5775103569030762,-0.1074630618095398,0.30989229679107666,0.561349630355835,-0.12203135341405869,0.45241814851760864,0.7109220027923584,-0.0746765062212944,0.3921746611595154,0.6783369183540344,-0.10348833352327347,0.3465471565723419,0.6599775552749634,-0.11636293679475784,0.30746251344680786,0.6470240354537964,-0.126371368765831,0.4427489936351776,0.7746240496635437,-0.08401579409837723,0.3994041085243225,0.7594819664955139,-0.11265306174755096,0.3699420690536499,0.7494482398033142,-0.12454022467136383,0.3426234722137451,0.7412680983543396,-0.1329408586025238,Left
0.5044611692428589,0.7779099345207214,3.9600760004532276e-08,0.4831142723560333,0.6865378022193909,-0.006105000153183937,0.4448022246360779,0.5967769026756287,-0.01736990176141262,0.414790540933609,0.5240335464477539,-0.028147250413894653,0.4075242877006531,0.45938533544540405,-0.04215580224990845,0.4601081907749176,0.6028223037719727,-0.050020623952150345,0.41757577657699585,0.5571544766426086,-0.07856737822294235,0.3837411105632782,0.5301090478897095,-0.09628099203109741,0.35186395049095154,0.5086382627487183,-0.10874465107917786,0.457550048828125,0.6506080627441406,-0.06239338219165802,0.39989230036735535,0.6038697957992554,-0.08898252248764038,0.35220301151275635,0.5752822756767273,-0.10422731190919876,0.30989938974380493,0.5594675540924072,-0.11837347596883774,0.45151132345199585,0.710942268371582,-0.0733589380979538,0.3910793960094452,0.6775014400482178,-0.10135111957788467,0.3457833230495453,0.6601373553276062,-0.11366733908653259,0.3073996305465698,0.6484566926956177,-0.12329510599374771,0.44148704409599304,0.7751041650772095,-0.08304169774055481,0.39868175983428955,0.7591793537139893,-0.11069676280021667,0.3697904944419861,0.7490001916885376,-0.12197118997573853,0.34328413009643555,0.7407896518707275,-0.1300150752067566,Left
0.4995005130767822,0.7761988043785095,2.4623192373951497e-08,0.47740864753723145,0.6833381652832031,-0.005183583591133356,0.44117262959480286,0.593814492225647,-0.01608245261013508,0.4127328395843506,0.5217084288597107,-0.02682925947010517,0.4045403003692627,0.4574316442012787,-0.040907979011535645,0.4574584364891052,0.599727988243103,-0.048663441091775894,0.41452062129974365,0.5551275014877319,-0.07714714854955673,0.38094282150268555,0.5280462503433228,-0.09511537849903107,0.34904855489730835,0.5063120126724243,-0.1079721450805664,0.4558422863483429,0.6478107571601868,-0.06164609268307686,0.39761245250701904,0.6038428544998169,-0.08792784810066223,0.3514152765274048,0.5759090781211853,-0.10315685719251633,0.30898618698120117,0.5593758225440979,-0.1174742579460144,0.45082879066467285,0.7084439992904663,-0.07334921509027481,0.38981276750564575,0.6780235171318054,-0.10102657973766327,0.3453836441040039,0.6604634523391724,-0.11321189254522324,0.30543938279151917,0.647105872631073,-0.12306259572505951,0.44185468554496765,0.772514820098877,-0.08378881216049194,0.40037280321121216,0.7589060068130493,-0.1112099140882492,0.37036389112472534,0.7499165534973145,-0.12245887517929077,0.34090501070022583,0.7417424321174622,-0.13076287508010864,Left
0.5001303553581238,0.7765350341796875,-3.630459821657439e-10,0.476926326751709,0.6844034194946289,-0.006596566643565893,0.4414689242839813,0.5953702330589294,-0.017586931586265564,0.4140809178352356,0.5237528085708618,-0.02810778096318245,0.4048314690589905,0.4596301317214966,-0.04192385450005531,0.45850202441215515,0.6000742316246033,-0.0489804781973362,0.41334590315818787,0.5554028749465942,-0.07663881033658981,0.37921464443206787,0.5278784036636353,-0.09416035562753677,0.3474304676055908,0.5037635564804077,-0.10686593502759933,0.45709913969039917,0.6488775014877319,-0.0609968863427639,0.39790573716163635,0.6056801676750183,-0.08668778091669083,0.3511825501918793,0.5776082277297974,-0.10182294994592667,0.3085552453994751,0.5594133734703064,-0.11609360575675964,0.4519377052783966,0.7093988656997681,-0.07175427675247192,0.39077308773994446,0.6807628870010376,-0.09883518517017365,0.3448809087276459,0.6618980169296265,-0.11091463267803192,0.30449405312538147,0.6459386348724365,-0.12065589427947998,0.4425254464149475,0.7729797959327698,-0.08142241835594177,0.39887112379074097,0.760406494140625,-0.10876554995775223,0.36796295642852783,0.7511693239212036,-0.11982396245002747,0.3385299742221832,0.7435452938079834,-0.1277065873146057,Left
0.49965542554855347,0.7749581336975098,9.669789413635499e-10,0.47642797231674194,0.6839646100997925,-0.0067376340739429,0.440780907869339,0.5946181416511536,-0.017491735517978668,0.4135664701461792,0.5228313207626343,-0.027682770043611526,0.40454021096229553,0.4589587450027466,-0.04111776128411293,0.45730021595954895,0.598966658115387,-0.04909708723425865,0.41268807649612427,0.5546072125434875,-0.07649987190961838,0.3788260519504547,0.5277061462402344,-0.0936615914106369,0.3469765782356262,0.5050160884857178,-0.10608243197202682,0.4561985433101654,0.6476819515228271,-0.06092340126633644,0.397268682718277,0.6049319505691528,-0.08667297661304474,0.35067275166511536,0.5772602558135986,-0.10163876414299011,0.3080664873123169,0.5602980852127075,-0.1156899556517601,0.4513811469078064,0.7085314989089966,-0.07150895893573761,0.3907831311225891,0.6806010007858276,-0.09874702990055084,0.34550610184669495,0.6620031595230103,-0.11091352254152298,0.3056901693344116,0.6465135216712952,-0.12061046808958054,0.44241657853126526,0.7722743153572083,-0.08098036050796509,0.39901426434516907,0.7597974538803101,-0.1085146963596344,0.3682815432548523,0.7506908178329468,-0.11976366490125656,0.3390817642211914,0.7431638836860657,-0.12774065136909485,Left
0.5017279386520386,0.7767408490180969,-5.100549760328477e-09,0.4797772169113159,0.6859644651412964,-0.006396994926035404,0.4413686990737915,0.5964164137840271,-0.017188630998134613,0.4122876524925232,0.525140106678009,-0.027556927874684334,0.39823997020721436,0.46165817975997925,-0.04103133827447891,0.45504164695739746,0.5982323884963989,-0.04871756583452225,0.4073556661605835,0.5526617169380188,-0.07731342315673828,0.37099432945251465,0.5271337032318115,-0.09575358778238297,0.3373745083808899,0.5075521469116211,-0.10882385075092316,0.45231807231903076,0.646860659122467,-0.06105652451515198,0.3925495445728302,0.6040241718292236,-0.08784525096416473,0.3446483314037323,0.5772001147270203,-0.10361404716968536,0.30176952481269836,0.5613993406295776,-0.11804546415805817,0.4472244381904602,0.7076939940452576,-0.0722164586186409,0.3853675127029419,0.6784219145774841,-0.09963198751211166,0.33834731578826904,0.6601547002792358,-0.11157266050577164,0.2973138689994812,0.6457827091217041,-0.12109848856925964,0.43893322348594666,0.7719405293464661,-0.08230481296777725,0.3943946659564972,0.7573639154434204,-0.10933319479227066,0.36237016320228577,0.7470031976699829,-0.12015927582979202,0.33234161138534546,0.7378575801849365,-0.12784671783447266,Left
0.5010750889778137,0.7781208753585815,9.467186146139284e-09,0.4790777266025543,0.686352550983429,-0.0043020183220505714,0.4415867030620575,0.5975629687309265,-0.014247450977563858,0.4111770987510681,0.5261342525482178,-0.024114467203617096,0.39911597967147827,0.46208423376083374,-0.03737960755825043,0.4543834924697876,0.6028370261192322,-0.04626605287194252,0.40967392921447754,0.5563074946403503,-0.07307437062263489,0.3741796016693115,0.5293612480163574,-0.09017643332481384,0.3402639627456665,0.5085197687149048,-0.1025194302201271,0.45193225145339966,0.6496042013168335,-0.059079695492982864,0.39198869466781616,0.6036548614501953,-0.08344092220067978,0.34400302171707153,0.5767208933830261,-0.09772277623414993,0.3002375364303589,0.5616328716278076,-0.11132392287254333,0.44720181822776794,0.7088530659675598,-0.07049600034952164,0.38338449597358704,0.6768763065338135,-0.09528805315494537,0.33560889959335327,0.658927321434021,-0.10628325492143631,0.29323476552963257,0.646654486656189,-0.11575576663017273,0.43901968002319336,0.7722551822662354,-0.08074218034744263,0.3943410813808441,0.757530927658081,-0.10516699403524399,0.3624328076839447,0.7465955018997192,-0.11497257649898529,0.33177614212036133,0.7369546890258789,-0.12251686304807663,Left
0.5015360713005066,0.7788053750991821,1.4673387838115559e-08,0.4795452952384949,0.6868129968643188,-0.004455664195120335,0.44201257824897766,0.5974587798118591,-0.014226807281374931,0.41155126690864563,0.5256719589233398,-0.023939166218042374,0.39958468079566956,0.4617807865142822,-0.037015508860349655,0.45489639043807983,0.6042599678039551,-0.04540820047259331,0.4110972285270691,0.5580894351005554,-0.0717475414276123,0.3758089244365692,0.5305371880531311,-0.08844342827796936,0.3421599566936493,0.5084600448608398,-0.10061859339475632,0.45200103521347046,0.6510744094848633,-0.058106839656829834,0.3923177421092987,0.6049074530601501,-0.0821089819073677,0.34434670209884644,0.5774242877960205,-0.09615803509950638,0.30053868889808655,0.5614221692085266,-0.10962923616170883,0.44663262367248535,0.7101389765739441,-0.06950084120035172,0.3832510709762573,0.6770822405815125,-0.0945485532283783,0.3359264135360718,0.6593626737594604,-0.1055995300412178,0.2939317226409912,0.6471546292304993,-0.11494003236293793,0.43791988492012024,0.773269534111023,-0.07970724254846573,0.3937085270881653,0.7579299807548523,-0.10442370921373367,0.3621232211589813,0.7469329237937927,-0.11439935117959976,0.33165961503982544,0.737371563911438,-0.12200826406478882,Left
0.5003058314323425,0.7768930792808533,2.650000574533351e-08,0.4804341197013855,0.6851595640182495,-0.004081523511558771,0.4386889934539795,0.5968462228775024,-0.014616553671658039,0.40546801686286926,0.5262174606323242,-0.024796823039650917,0.39274153113365173,0.4622475206851959,-0.03872523084282875,0.44892963767051697,0.6021302342414856,-0.049539726227521896,0.3959812819957733,0.5558658838272095,-0.07542290538549423,0.3575073182582855,0.5295042395591736,-0.09092745929956436,0.32214444875717163,0.5083944201469421,-0.10250181704759598,0.4455292224884033,0.6500862836837769,-0.06265510618686676,0.37855279445648193,0.6044421195983887,-0.08712322264909744,0.3297330141067505,0.578122615814209,-0.10142379254102707,0.28581124544143677,0.5610710382461548,-0.11487173289060593,0.4401680529117584,0.7103042602539062,-0.07376758754253387,0.3696044683456421,0.6776419281959534,-0.09927673637866974,0.3193870782852173,0.6611680388450623,-0.11080002039670944,0.27510902285575867,0.6480617523193359,-0.1204719990491867,0.43236568570137024,0.7736786007881165,-0.08333604037761688,0.3830624520778656,0.7585444450378418,-0.10819818079471588,0.3500328063964844,0.7516383528709412,-0.11762087792158127,0.3185029625892639,0.7464500665664673,-0.12466039508581161,Left
0.49977996945381165,0.7782871127128601,3.7390648799373594e-08,0.48265549540519714,0.6849604845046997,-0.00253023742698133,0.4406326413154602,0.5955095291137695,-0.01169046200811863,0.4055803716182709,0.5248352885246277,-0.02105667069554329,0.3918844759464264,0.4613272249698639,-0.0343436561524868,0.4471493661403656,0.6020201444625854,-0.045189134776592255,0.3966432511806488,0.5582637786865234,-0.07058539241552353,0.3593001663684845,0.5333835482597351,-0.0860079675912857,0.32515594363212585,0.5130957961082458,-0.09765594452619553,0.4413188099861145,0.6492209434509277,-0.05915721505880356,0.3762861490249634,0.6050609946250916,-0.08287603408098221,0.3292023837566376,0.5795851945877075,-0.0974578857421875,0.28701621294021606,0.5629679560661316,-0.11114110052585602,0.4341639280319214,0.7096439599990845,-0.07137160003185272,0.36588671803474426,0.675578773021698,-0.09692032635211945,0.31776270270347595,0.6583924293518066,-0.10924442857503891,0.27448970079421997,0.6451272368431091,-0.11961977183818817,0.42528679966926575,0.774513840675354,-0.0819086804986,0.3806418180465698,0.7579492926597595,-0.1075945720076561,0.3505806028842926,0.7501485347747803,-0.11804529279470444,0.3209785223007202,0.7443587779998779,-0.12592124938964844,Left
0.49974530935287476,0.7760420441627502,4.809057330135147e-08,0.4817774295806885,0.683152437210083,-0.002959541277959943,0.43956127762794495,0.5939788818359375,-0.012312857434153557,0.40522706508636475,0.5237447023391724,-0.021839160472154617,0.39306825399398804,0.46018362045288086,-0.03526654839515686,0.446512371301651,0.5984458923339844,-0.044478174299001694,0.3966749608516693,0.5544092655181885,-0.06925268471240997,0.35901206731796265,0.5304454565048218,-0.08419200778007507,0.3244864046573639,0.5105196237564087,-0.09543967992067337,0.4413212835788727,0.6466041803359985,-0.05808134377002716,0.37615522742271423,0.6029905080795288,-0.08115679025650024,0.3291468024253845,0.5787466764450073,-0.09529932588338852,0.2869987189769745,0.5626987814903259,-0.10857930779457092,0.43435943126678467,0.7078782320022583,-0.06996073573827744,0.3656916618347168,0.6737189292907715,-0.09501959383487701,0.3177809417247772,0.6571926474571228,-0.1066720113158226,0.2748067378997803,0.6443462371826172,-0.11638399958610535,0.42518582940101624,0.7735728621482849,-0.08018513768911362,0.37917497754096985,0.7564141750335693,-0.10509160161018372,0.3494739830493927,0.7489845156669617,-0.11446187645196915,0.3204190135002136,0.7436668872833252,-0.12142886221408844,Left
0.49809473752975464,0.7733457088470459,2.5530084712954704e-08,0.47865596413612366,0.6849508285522461,-0.004938109777867794,0.43321895599365234,0.5957445502281189,-0.01670142076909542,0.3975827097892761,0.5264701843261719,-0.02756843902170658,0.38695967197418213,0.46232932806015015,-0.0422174371778965,0.4397047758102417,0.6000773906707764,-0.051805250346660614,0.3782157301902771,0.5595895648002625,-0.07737219333648682,0.33452165126800537,0.5367426872253418,-0.09237834066152573,0.2961540222167969,0.5192766189575195,-0.10377209633588791,0.436588317155838,0.6512146592140198,-0.0646103248000145,0.3583982288837433,0.6086908578872681,-0.0884082168340683,0.30432769656181335,0.5852533578872681,-0.1020423099398613,0.2583550214767456,0.569415271282196,-0.1151425763964653,0.43131598830223083,0.7138020992279053,-0.07530496269464493,0.35317087173461914,0.6790078282356262,-0.09959838539361954,0.30015233159065247,0.661118745803833,-0.11045659333467484,0.25471529364585876,0.6469530463218689,-0.12002131342887878,0.4246114194393158,0.7777032852172852,-0.08444397896528244,0.3691251277923584,0.7604531049728394,-0.10885323584079742,0.3328426480293274,0.752618670463562,-0.11805078387260437,0.29851576685905457,0.7467687726020813,-0.12497110664844513,Left
0.4979528784751892,0.7722506523132324,5.4227349721713836e-08,0.4776773452758789,0.6848913431167603,-0.003840705845504999,0.4308878779411316,0.59555983543396,-0.015428177081048489,0.3952438235282898,0.5270944237709045,-0.02649572864174843,0.38378533720970154,0.46293771266937256,-0.04181267321109772,0.43811851739883423,0.5989018082618713,-0.053237829357385635,0.3764936029911041,0.5574278235435486,-0.07993011921644211,0.3337768614292145,0.5344184041023254,-0.09540287405252457,0.29510611295700073,0.5184887647628784,-0.10689006000757217,0.4349382221698761,0.6480610966682434,-0.06743825227022171,0.35676565766334534,0.6060805916786194,-0.0924462378025055,0.3023800551891327,0.5821833610534668,-0.10695938766002655,0.2551024556159973,0.5677636861801147,-0.12048517167568207,0.4296409487724304,0.711223304271698,-0.0794244334101677,0.3507520854473114,0.6770457029342651,-0.10523974895477295,0.2976837754249573,0.6593122482299805,-0.11768952757120132,0.25146132707595825,0.6453675031661987,-0.12818560004234314,0.4227856993675232,0.7780324220657349,-0.0895296037197113,0.36783304810523987,0.7599906921386719,-0.11563915014266968,0.3325527310371399,0.7523345947265625,-0.12584784626960754,0.2986145615577698,0.7465304136276245,-0.13342203199863434,Left
0.4974749684333801,0.7724224925041199,5.4315581365926846e-08,0.47762006521224976,0.6849634051322937,-0.0037495545111596584,0.4311988353729248,0.5950395464897156,-0.015092238783836365,0.3958696722984314,0.5263180732727051,-0.025940734893083572,0.3839151859283447,0.46249279379844666,-0.04107421636581421,0.4377351999282837,0.5982793569564819,-0.053092315793037415,0.37607818841934204,0.5565807819366455,-0.0794648751616478,0.3333507776260376,0.5337511897087097,-0.09461824595928192,0.29480352997779846,0.5177937150001526,-0.10585127025842667,0.4344172477722168,0.6478567719459534,-0.06721652299165726,0.3561329245567322,0.6059169173240662,-0.09192266315221786,0.3018442988395691,0.5820422172546387,-0.10624098032712936,0.25483256578445435,0.5676624774932861,-0.11957450211048126,0.42925387620925903,0.7110824584960938,-0.07911510765552521,0.3505188822746277,0.6772840619087219,-0.10453255474567413,0.2981196343898773,0.659344494342804,-0.1168065294623375,0.2526302933692932,0.6451734900474548,-0.12717056274414062,0.4225008487701416,0.7776639461517334,-0.08916144073009491,0.36769139766693115,0.7600594758987427,-0.11489031463861465,0.3323019742965698,0.7521437406539917,-0.12499765306711197,0.29834187030792236,0.7459474205970764,-0.13250234723091125,Left
0.49214574694633484,0.7704076170921326,8.508025928222196e-08,0.47292226552963257,0.6820182800292969,-0.0042697712779045105,0.4266093969345093,0.5946428775787354,-0.016490958631038666,0.38990139961242676,0.5273463726043701,-0.027441561222076416,0.3761427402496338,0.46568524837493896,-0.042191553860902786,0.4252771735191345,0.5943055152893066,-0.05427347496151924,0.3538069725036621,0.5593998432159424,-0.07925784587860107,0.30747902393341064,0.5379306077957153,-0.0933581218123436,0.26789504289627075,0.5220982432365417,-0.10368809103965759,0.4220873713493347,0.6473619937896729,-0.06668292731046677,0.3354951739311218,0.6099318861961365,-0.08975833654403687,0.2802967131137848,0.5880357027053833,-0.10249201208353043,0.23611967265605927,0.5729383230209351,-0.11446107923984528,0.4161187410354614,0.7107276320457458,-0.07656204700469971,0.33060401678085327,0.6793490648269653,-0.09938705712556839,0.275288850069046,0.6655088663101196,-0.10936684161424637,0.2306426614522934,0.6545589566230774,-0.11798348277807236,0.4085172116756439,0.7754520177841187,-0.08465549349784851,0.3461182415485382,0.7625769376754761,-0.10692885518074036,0.30718034505844116,0.7581363916397095,-0.11468875408172607,0.27216842770576477,0.7534659504890442,-0.12021823227405548,Left
0.4929502010345459,0.7715675830841064,8.216292712859286e-08,0.47467753291130066,0.6850641965866089,-0.0050815106369555,0.4263739585876465,0.5966437458992004,-0.017160218209028244,0.3888522982597351,0.5277966856956482,-0.028199978172779083,0.3769385516643524,0.46548786759376526,-0.04336974769830704,0.4276176691055298,0.5954272150993347,-0.05586085468530655,0.3556969165802002,0.5591463446617126,-0.08112392574548721,0.3089231252670288,0.538179337978363,-0.09484797716140747,0.26866182684898376,0.5219993591308594,-0.10502400994300842,0.4226779043674469,0.6476831436157227,-0.06860139220952988,0.3364774286746979,0.6095700860023499,-0.09269622713327408,0.2803788185119629,0.5862218141555786,-0.10632222890853882,0.23418593406677246,0.5700565576553345,-0.1186542958021164,0.4171479046344757,0.7113220691680908,-0.07878776639699936,0.33343541622161865,0.6809604167938232,-0.10273455083370209,0.27830344438552856,0.6655336618423462,-0.11440633237361908,0.23242036998271942,0.6527919173240662,-0.124010369181633,0.41033700108528137,0.7768006324768066,-0.08727940171957016,0.3490312993526459,0.7631065845489502,-0.11168976128101349,0.30903297662734985,0.7586976885795593,-0.12157653272151947,0.2720392346382141,0.7538489103317261,-0.1284913569688797,Left
0.49344366788864136,0.772052526473999,8.043745935992774e-08,0.4750538170337677,0.6858568787574768,-0.0052453624084591866,0.4264683425426483,0.5977720022201538,-0.017429612576961517,0.38865894079208374,0.5288829207420349,-0.028585311025381088,0.3765416145324707,0.46605896949768066,-0.043822236359119415,0.4278985559940338,0.5961480736732483,-0.05575639009475708,0.35615667700767517,0.5594430565834045,-0.0812172070145607,0.3094794750213623,0.5382636785507202,-0.09509360045194626,0.26909738779067993,0.5219444036483765,-0.10538942366838455,0.42254945635795593,0.6478427052497864,-0.06849180161952972,0.33616653084754944,0.6097433567047119,-0.0926629826426506,0.2800479531288147,0.5866625308990479,-0.1063406765460968,0.23355866968631744,0.5708772540092468,-0.11873021721839905,0.4167636036872864,0.7111698985099792,-0.07872568070888519,0.3332839906215668,0.6811543703079224,-0.10274464637041092,0.2783697843551636,0.6655281186103821,-0.1144632026553154,0.23252826929092407,0.6527052521705627,-0.12413563579320908,0.40991902351379395,0.7764697074890137,-0.0872998908162117,0.3489321768283844,0.7633137702941895,-0.11176250129938126,0.30905380845069885,0.7588333487510681,-0.12175427377223969,0.272111713886261,0.7538279294967651,-0.1287805140018463,Left
0.4888268709182739,0.7693070769309998,1.1467742666582126e-07,0.47123417258262634,0.682329535484314,-0.008932485245168209,0.4225948750972748,0.5957168340682983,-0.024525456130504608,0.38325175642967224,0.5262796878814697,-0.038051411509513855,0.36807650327682495,0.46238183975219727,-0.05554569885134697,0.4165292978286743,0.5989362001419067,-0.06530815362930298,0.3343242108821869,0.5645891427993774,-0.0946957916021347,0.28227734565734863,0.542899489402771,-0.11114207655191422,0.23805581033229828,0.5279732942581177,-0.12280762940645218,0.40959876775741577,0.6532679200172424,-0.07673485577106476,0.32041361927986145,0.617982029914856,-0.10513065755367279,0.25981247425079346,0.5967103242874146,-0.12017382681369781,0.2091543823480606,0.5821714401245117,-0.13327425718307495,0.40285933017730713,0.7157715559005737,-0.08566829562187195,0.31741687655448914,0.6885444521903992,-0.11149255931377411,0.25864261388778687,0.6728801131248474,-0.1226852759718895,0.20962366461753845,0.6601073145866394,-0.13191969692707062,0.39497533440589905,0.7781965732574463,-0.09337444603443146,0.32722631096839905,0.7656200528144836,-0.11840036511421204,0.28239208459854126,0.7603849172592163,-0.12811976671218872,0.24193774163722992,0.754684567451477,-0.1347038596868515,Left
0.49114498496055603,0.7727782130241394,1.18193902665098e-07,0.47119125723838806,0.683271050453186,-0.007305716630071402,0.42261451482772827,0.5942639112472534,-0.02237928844988346,0.3827974200248718,0.5255274772644043,-0.035744573920965195,0.36553189158439636,0.4621717631816864,-0.05299760401248932,0.41698983311653137,0.6025441884994507,-0.06364673376083374,0.3378123342990875,0.565200686454773,-0.09214090555906296,0.28640472888946533,0.5437050461769104,-0.10749585926532745,0.2424839735031128,0.5283844470977783,-0.11834802478551865,0.40998342633247375,0.6568682193756104,-0.07572474330663681,0.3192223012447357,0.6180087327957153,-0.10423466563224792,0.2587953209877014,0.5955924987792969,-0.11935410648584366,0.2090495228767395,0.5815879106521606,-0.13197514414787292,0.4041772782802582,0.7179739475250244,-0.08500117808580399,0.3157424032688141,0.6898289918899536,-0.11045297235250473,0.2566761374473572,0.6724128723144531,-0.12162475287914276,0.20789256691932678,0.6583804488182068,-0.13042213022708893,0.3979561924934387,0.778262734413147,-0.0929282158613205,0.3280573785305023,0.7641599774360657,-0.11779225617647171,0.28240829706192017,0.7581024765968323,-0.1275930255651474,0.24115155637264252,0.7522473931312561,-0.13401645421981812,Left
0.492424339056015,0.7735207676887512,1.2904675372737984e-07,0.47225263714790344,0.6833030581474304,-0.007603805977851152,0.4233827292919159,0.5939196348190308,-0.023009130731225014,0.38277196884155273,0.5253947973251343,-0.036684099584817886,0.36587756872177124,0.46162277460098267,-0.05423899367451668,0.41854217648506165,0.6025473475456238,-0.06446404755115509,0.3388904929161072,0.5647996664047241,-0.09331054240465164,0.2871737778186798,0.5434107184410095,-0.10870113968849182,0.24308373034000397,0.5278449058532715,-0.11947961896657944,0.4110585153102875,0.6568101048469543,-0.07653157413005829,0.32034769654273987,0.6181175708770752,-0.10531266778707504,0.25959327816963196,0.5951471328735352,-0.12036845088005066,0.20954398810863495,0.5798412561416626,-0.13289731740951538,0.40485960245132446,0.7178218960762024,-0.08584221452474594,0.3162080645561218,0.6893872618675232,-0.11123862862586975,0.2571089267730713,0.6706959009170532,-0.12232173979282379,0.20842404663562775,0.6550804972648621,-0.13107821345329285,0.39846959710121155,0.7780722975730896,-0.0938725695014,0.3278680741786957,0.7640367150306702,-0.11852047592401505,0.2823336124420166,0.7583200931549072,-0.12822625041007996,0.2414884865283966,0.7531260251998901,-0.13459904491901398,Left
0.49036329984664917,0.7673546671867371,1.6451646445148072e-07,0.4688100814819336,0.6836079955101013,-0.010631121695041656,0.41525107622146606,0.5958719253540039,-0.02863580547273159,0.37303465604782104,0.5262543559074402,-0.04402381554245949,0.35616737604141235,0.4615456163883209,-0.06358133256435394,0.40615591406822205,0.5996851921081543,-0.07553377002477646,0.31423717737197876,0.5694897174835205,-0.1078973039984703,0.25608712434768677,0.5515618920326233,-0.12428741157054901,0.20803996920585632,0.5396656394004822,-0.13547353446483612,0.3997918963432312,0.6566271781921387,-0.08731190115213394,0.2940240204334259,0.624418318271637,-0.11912339180707932,0.2270776927471161,0.6070919036865234,-0.13451556861400604,0.17348462343215942,0.5941470861434937,-0.14694519340991974,0.3947887122631073,0.7188825607299805,-0.09613698720932007,0.2932778596878052,0.6981348991394043,-0.12463528662919998,0.22698505222797394,0.6869834065437317,-0.13670368492603302,0.17451739311218262,0.6772861480712891,-0.14563509821891785,0.38892191648483276,0.7808782458305359,-0.10363422334194183,0.31016504764556885,0.7668154239654541,-0.13000455498695374,0.2607477903366089,0.7615566253662109,-0.14048217236995697,0.2181989848613739,0.7554441094398499,-0.14721770584583282,Left
0.4941178560256958,0.7726099491119385,1.4827682548457233e-07,0.47063148021698,0.6828681826591492,-0.0072200484573841095,0.4182436466217041,0.5965244770050049,-0.02482631430029869,0.3747936189174652,0.5288678407669067,-0.04053109511733055,0.3553309142589569,0.46581435203552246,-0.06035618111491203,0.4078303575515747,0.6025667786598206,-0.07260634750127792,0.3165453374385834,0.5715281367301941,-0.10403025150299072,0.25858744978904724,0.5552088022232056,-0.11972881853580475,0.2100192755460739,0.5445154309272766,-0.13018079102039337,0.40123891830444336,0.6600520014762878,-0.08565463125705719,0.29621803760528564,0.6275752782821655,-0.1173434928059578,0.22818927466869354,0.6094366908073425,-0.13281992077827454,0.1736876368522644,0.5980769395828247,-0.14528125524520874,0.3958788514137268,0.7220244407653809,-0.0954047366976738,0.294831246137619,0.7007964849472046,-0.12263663113117218,0.22912921011447906,0.6884097456932068,-0.13407571613788605,0.17810283601284027,0.67928546667099,-0.14260801672935486,0.38971978425979614,0.7822228670120239,-0.10364312678575516,0.3083246648311615,0.767662525177002,-0.12833534181118011,0.2592548131942749,0.7613152265548706,-0.13798336684703827,0.21776124835014343,0.7554990649223328,-0.1443195343017578,Left
0.49381715059280396,0.7718921899795532,1.3998059955611097e-07,0.46952417492866516,0.6826165318489075,-0.006733783520758152,0.41716891527175903,0.5954927206039429,-0.02385132387280464,0.3743045926094055,0.5277198553085327,-0.039161086082458496,0.35495850443840027,0.46502262353897095,-0.05865073576569557,0.40505945682525635,0.6006370782852173,-0.07111052423715591,0.31475257873535156,0.5692387819290161,-0.10220139473676682,0.2576998770236969,0.5538696050643921,-0.11794086545705795,0.2096397578716278,0.5443220138549805,-0.12852104008197784,0.399234414100647,0.6572261452674866,-0.08437412977218628,0.29419416189193726,0.6257142424583435,-0.11563284695148468,0.2267395704984665,0.6085426807403564,-0.13118712604045868,0.17197725176811218,0.5983268022537231,-0.14391465485095978,0.3947608172893524,0.7192853093147278,-0.09442531317472458,0.29453545808792114,0.6987534165382385,-0.12177640944719315,0.23032009601593018,0.6873345375061035,-0.13345152139663696,0.17987343668937683,0.6800248622894287,-0.1422109156847,0.389314740896225,0.7808824777603149,-0.10289303213357925,0.30819064378738403,0.7663812637329102,-0.12787970900535583,0.2596105933189392,0.7608464956283569,-0.13769546151161194,0.2181638926267624,0.7567146420478821,-0.1442139893770218,Left
0.4916558265686035,0.7648850679397583,1.4662821001820703e-07,0.46658340096473694,0.6791199445724487,-0.007538676727563143,0.4102577567100525,0.5958089232444763,-0.02497733011841774,0.36458349227905273,0.5324316620826721,-0.04020832106471062,0.3402446508407593,0.47321486473083496,-0.05943034961819649,0.39546602964401245,0.6027665138244629,-0.0745866671204567,0.29787778854370117,0.5734798908233643,-0.1063603013753891,0.23972518742084503,0.5596287250518799,-0.12142479419708252,0.19208994507789612,0.5528427362442017,-0.13066107034683228,0.38944122195243835,0.6608890891075134,-0.08592215925455093,0.27621492743492126,0.6330125331878662,-0.11642240732908249,0.20754298567771912,0.6209800243377686,-0.13025382161140442,0.154098242521286,0.6126120686531067,-0.1410294622182846,0.38383159041404724,0.7221117615699768,-0.09392611682415009,0.2753925323486328,0.707969069480896,-0.11916948854923248,0.20551073551177979,0.701639711856842,-0.12987834215164185,0.15352675318717957,0.6968713998794556,-0.13770835101604462,0.3778923749923706,0.7805753946304321,-0.10043268650770187,0.2913596034049988,0.767996072769165,-0.12320389598608017,0.23880961537361145,0.7628005146980286,-0.13262812793254852,0.19654686748981476,0.7581974864006042,-0.1384773850440979,Left
0.49304860830307007,0.7715572118759155,1.6689095616584382e-07,0.4655236005783081,0.6797263026237488,-0.004210575483739376,0.4103439748287201,0.5982944965362549,-0.01929365284740925,0.3651505708694458,0.5355138778686523,-0.03292296081781387,0.3406977653503418,0.4770650863647461,-0.050393879413604736,0.39432209730148315,0.6035492420196533,-0.06839694082736969,0.3006052076816559,0.5742449760437012,-0.10011500865221024,0.24136880040168762,0.5587112903594971,-0.11608430743217468,0.19236956536769867,0.5498653650283813,-0.12603965401649475,0.3887779116630554,0.6615828275680542,-0.08103212714195251,0.2777012884616852,0.6353839635848999,-0.11331266164779663,0.20726889371871948,0.6204181909561157,-0.12892359495162964,0.1528557687997818,0.6106002330780029,-0.1408063769340515,0.38430696725845337,0.7227996587753296,-0.09022588282823563,0.27714619040489197,0.7083556652069092,-0.1176452487707138,0.20729899406433105,0.701547384262085,-0.12917323410511017,0.1569783240556717,0.6975381970405579,-0.1365477442741394,0.3799736201763153,0.7803000211715698,-0.09765958786010742,0.29148000478744507,0.7673202753067017,-0.12291952222585678,0.23758110404014587,0.7616515159606934,-0.1334833949804306,0.19455267488956451,0.7569867372512817,-0.13944494724273682,Left
0.4932067394256592,0.770969033241272,1.5236996375733725e-07,0.4656160771846771,0.6802080273628235,-0.0038861234206706285,0.40999943017959595,0.5988261699676514,-0.018845632672309875,0.3643558919429779,0.5370619893074036,-0.03246265649795532,0.3405482769012451,0.4783315062522888,-0.04988488927483559,0.39363181591033936,0.603810727596283,-0.066823311150074,0.2998255491256714,0.573884129524231,-0.09779749065637589,0.24093490839004517,0.5586519837379456,-0.11336260288953781,0.19224156439304352,0.5500556826591492,-0.12313579767942429,0.38829857110977173,0.6615657806396484,-0.07945553213357925,0.27715635299682617,0.6349283456802368,-0.1104118600487709,0.20762278139591217,0.6200799942016602,-0.1251412332057953,0.15380112826824188,0.6105949282646179,-0.13657495379447937,0.3837991952896118,0.7228077054023743,-0.08876208961009979,0.27658534049987793,0.7077175378799438,-0.11509056389331818,0.20723730325698853,0.7010599970817566,-0.12587052583694458,0.15683238208293915,0.6973385214805603,-0.1329992264509201,0.3792003393173218,0.780485212802887,-0.09634975343942642,0.29077330231666565,0.7679417133331299,-0.12075722962617874,0.2371426820755005,0.761967122554779,-0.13082584738731384,0.19423148036003113,0.7568046450614929,-0.1365983486175537,Left
0.49050962924957275,0.763472318649292,1.0317258158920595e-07,0.46173959970474243,0.676532506942749,-0.004641176201403141,0.4044967293739319,0.5982365012168884,-0.01969522051513195,0.3559570908546448,0.540092945098877,-0.03351506590843201,0.3268877863883972,0.48533129692077637,-0.05096699669957161,0.3799951672554016,0.6025537848472595,-0.06153354048728943,0.2829378843307495,0.5797865390777588,-0.0898587703704834,0.22452691197395325,0.5713992714881897,-0.10344924032688141,0.17700447142124176,0.5689134001731873,-0.11153703927993774,0.3740538954734802,0.6582509875297546,-0.07269888371229172,0.26269328594207764,0.6420166492462158,-0.0993657335639,0.1958586871623993,0.637220025062561,-0.11038721352815628,0.1447535902261734,0.6350620985031128,-0.11884380131959915,0.3696106970310211,0.718121349811554,-0.08116213232278824,0.26366573572158813,0.7098806500434875,-0.10264366865158081,0.198504239320755,0.7089540362358093,-0.10948503762483597,0.15012285113334656,0.7085197567939758,-0.11436976492404938,0.36672237515449524,0.7758828401565552,-0.088361956179142,0.28021347522735596,0.7691245079040527,-0.10804298520088196,0.22862768173217773,0.7656959891319275,-0.11477980017662048,0.1870793104171753,0.7614578008651733,-0.11820617318153381,Left
0.49039262533187866,0.7643988132476807,1.2534651716578082e-07,0.46135056018829346,0.6748804450035095,-0.0034243843983858824,0.4039153754711151,0.5971684455871582,-0.016561679542064667,0.35579097270965576,0.5388860702514648,-0.028793124482035637,0.3279307186603546,0.4856238067150116,-0.044910065829753876,0.37868058681488037,0.6051725149154663,-0.05877642706036568,0.28442874550819397,0.5805279016494751,-0.08563033491373062,0.22673004865646362,0.5693171620368958,-0.09866156429052353,0.17896589636802673,0.5640838146209717,-0.10659366101026535,0.37296736240386963,0.6605832576751709,-0.0700792595744133,0.26429879665374756,0.6438362002372742,-0.09558749943971634,0.19810034334659576,0.6367700099945068,-0.1063777431845665,0.14693814516067505,0.6349651217460632,-0.11458948254585266,0.369576096534729,0.7198600769042969,-0.07856327295303345,0.2653425335884094,0.7109227776527405,-0.09963143616914749,0.20038685202598572,0.7073162794113159,-0.10680612921714783,0.15203112363815308,0.706699013710022,-0.1116151362657547,0.36761215329170227,0.7772486209869385,-0.08571458607912064,0.2818477749824524,0.7705879211425781,-0.10521334409713745,0.2307400405406952,0.7652103304862976,-0.11180675029754639,0.1898723542690277,0.75934898853302,-0.11508441716432571,Left
0.48989495635032654,0.7641773223876953,1.4525735991810507e-07,0.4608297348022461,0.6738505363464355,-0.003454196033999324,0.40377381443977356,0.5965121388435364,-0.016761414706707,0.3558596670627594,0.538186252117157,-0.02918626368045807,0.3279624283313751,0.4850563406944275,-0.04552510008215904,0.37886011600494385,0.6051529049873352,-0.05918433144688606,0.2843319773674011,0.5808029770851135,-0.08644600212574005,0.22644822299480438,0.5697575807571411,-0.09970922023057938,0.17841744422912598,0.5644457936286926,-0.10771897435188293,0.3726497292518616,0.6606276035308838,-0.07060389220714569,0.26402002573013306,0.6436871290206909,-0.09635233134031296,0.19720584154129028,0.6362470984458923,-0.10726621747016907,0.1454826295375824,0.633974552154541,-0.11545499414205551,0.36911311745643616,0.7199308276176453,-0.07918251305818558,0.2649541199207306,0.7120257019996643,-0.10018445551395416,0.20006193220615387,0.7080572843551636,-0.10716479271650314,0.15186621248722076,0.7065891623497009,-0.11178767681121826,0.36727070808410645,0.7771280407905579,-0.08648370206356049,0.2816981077194214,0.7709220051765442,-0.10584946721792221,0.23046061396598816,0.7658390402793884,-0.11222963035106659,0.18977512419223785,0.7598196864128113,-0.1152811050415039,Left
0.48431065678596497,0.7521523237228394,9.946724333076418e-08,0.4536508321762085,0.6646076440811157,-0.00023891888849902898,0.39492467045783997,0.5942952036857605,-0.010076072067022324,0.34588727355003357,0.5395970344543457,-0.019679615274071693,0.31877797842025757,0.48892104625701904,-0.032653599977493286,0.35958027839660645,0.6068245768547058,-0.04607483744621277,0.26674550771713257,0.5907829999923706,-0.06780757755041122,0.2113608568906784,0.5864642858505249,-0.07842901349067688,0.1666395217180252,0.5863922834396362,-0.08494172990322113,0.35475867986679077,0.6605520248413086,-0.0566011406481266,0.2520853877067566,0.6513168811798096,-0.07696960866451263,0.18960748612880707,0.6524007320404053,-0.08490148931741714,0.14257261157035828,0.6554281115531921,-0.09116379916667938,0.35360491275787354,0.7187632918357849,-0.06466782093048096,0.257656067609787,0.7162466049194336,-0.0803580954670906,0.19895139336585999,0.7185096740722656,-0.08437959849834442,0.1559702455997467,0.7210084795951843,-0.08769689500331879,0.3556438386440277,0.7752021551132202,-0.07158234715461731,0.2766939401626587,0.7744494080543518,-0.08636549115180969,0.22862035036087036,0.7734240293502808,-0.09047522395849228,0.1894403100013733,0.7708518505096436,-0.092330202460289,Left
0.48258358240127563,0.7529174089431763,1.5589361623824516e-07,0.45341819524765015,0.6650596857070923,-0.0009977136505767703,0.3975110650062561,0.5971567630767822,-0.011498674750328064,0.3504236340522766,0.5437880158424377,-0.021723465994000435,0.3263867497444153,0.49196475744247437,-0.035382118076086044,0.36111828684806824,0.6106394529342651,-0.04886138066649437,0.2695501446723938,0.5907238125801086,-0.07085592299699783,0.21499282121658325,0.5838117003440857,-0.0809326097369194,0.1710759848356247,0.581000566482544,-0.08704055100679398,0.3549148738384247,0.6639684438705444,-0.05922982096672058,0.2528333067893982,0.6516560316085815,-0.08085751533508301,0.1908905804157257,0.6499143838882446,-0.08966288715600967,0.144673153758049,0.6514601111412048,-0.09611348062753677,0.3540309965610504,0.7202804088592529,-0.06680433452129364,0.25944817066192627,0.7163766622543335,-0.08387768268585205,0.20014263689517975,0.7174901962280273,-0.08932299166917801,0.15673194825649261,0.719508707523346,-0.09301146119832993,0.35653063654899597,0.7753369212150574,-0.07312095165252686,0.27802810072898865,0.7732992768287659,-0.08922909200191498,0.23003265261650085,0.7716132402420044,-0.09432404488325119,0.19070827960968018,0.768673300743103,-0.09656570851802826,Left
0.48181670904159546,0.7519477605819702,1.9061711498125078e-07,0.45275992155075073,0.6641162633895874,-0.00200742413289845,0.39745086431503296,0.5959832072257996,-0.012903929688036442,0.3504456579685211,0.5418483018875122,-0.023335056379437447,0.3259514272212982,0.49048125743865967,-0.03706702962517738,0.36076003313064575,0.6102745532989502,-0.049531374126672745,0.2697245478630066,0.5907526016235352,-0.07235629856586456,0.21475134789943695,0.5837410092353821,-0.08321214467287064,0.17050617933273315,0.5813534259796143,-0.08965923637151718,0.35435354709625244,0.6643643379211426,-0.0595577172935009,0.25249963998794556,0.6508998870849609,-0.08213622123003006,0.19000986218452454,0.64793461561203,-0.09161881357431412,0.14301158487796783,0.648771345615387,-0.09826643019914627,0.3532460033893585,0.7211244702339172,-0.06690187007188797,0.258590430021286,0.7169811129570007,-0.08469731360673904,0.19918666779994965,0.7181308269500732,-0.09074671566486359,0.15607529878616333,0.7207945585250854,-0.0944947898387909,0.35561826825141907,0.77608323097229,-0.07305926829576492,0.2773280143737793,0.7732980847358704,-0.08915551006793976,0.22963500022888184,0.7718083262443542,-0.09425518661737442,0.19109846651554108,0.7693216800689697,-0.09634494036436081,Left
0.4793790578842163,0.7499405741691589,1.240215112829901e-07,0.4485006332397461,0.6616238355636597,0.004305202513933182,0.39415934681892395,0.5978532433509827,-0.0024792500771582127,0.3481689393520355,0.5470926761627197,-0.010297231376171112,0.32333675026893616,0.4982199966907501,-0.02152162604033947,0.3498697876930237,0.6122132539749146,-0.034180108457803726,0.2619468867778778,0.6001731753349304,-0.050904545933008194,0.2102312594652176,0.5981754064559937,-0.059286970645189285,0.16927453875541687,0.6001070141792297,-0.06461193412542343,0.3439037501811981,0.6650985479354858,-0.045475490391254425,0.24967241287231445,0.6590739488601685,-0.06150626391172409,0.19251908361911774,0.6615659594535828,-0.06898370385169983,0.150115966796875,0.6671712398529053,-0.07492254674434662,0.3438836634159088,0.721165120601654,-0.05418187007308006,0.25545454025268555,0.7204837203025818,-0.06627780199050903,0.19947367906570435,0.7255051136016846,-0.07126211374998093,0.15787667036056519,0.7315508723258972,-0.07559333741664886,0.34902235865592957,0.7750456929206848,-0.061416931450366974,0.27731290459632874,0.7737230658531189,-0.07322975248098373,0.23391467332839966,0.7740135192871094,-0.07678085565567017,0.19813880324363708,0.7732670903205872,-0.07843726873397827,Left
0.4777591824531555,0.7495403289794922,1.2926544457059208e-07,0.4465616047382355,0.6608482599258423,0.00505897868424654,0.3933185636997223,0.5973079800605774,-0.0018624078948050737,0.3477323055267334,0.545877993106842,-0.010000759735703468,0.3217615485191345,0.4980519413948059,-0.02173360250890255,0.34896841645240784,0.6121110916137695,-0.034405820071697235,0.26088064908981323,0.6009443998336792,-0.05136287957429886,0.21002700924873352,0.5995337963104248,-0.05969133973121643,0.16962037980556488,0.601672351360321,-0.06482385843992233,0.3439487814903259,0.6646682620048523,-0.04628904536366463,0.24907046556472778,0.6583365201950073,-0.06321750581264496,0.19213250279426575,0.660611629486084,-0.07116653025150299,0.15040919184684753,0.6664789319038391,-0.07710561156272888,0.34467270970344543,0.7205105423927307,-0.05545507371425629,0.25603628158569336,0.7203199863433838,-0.0682234987616539,0.20047929883003235,0.7252072095870972,-0.07328550517559052,0.15955260396003723,0.7315239310264587,-0.0772247314453125,0.3499523401260376,0.7745010256767273,-0.06301621347665787,0.2759009599685669,0.7731896042823792,-0.07504678517580032,0.23238836228847504,0.7735857963562012,-0.07829558849334717,0.19665886461734772,0.7733721137046814,-0.07953403890132904,Left
0.4776122570037842,0.7489100694656372,1.2274479388452164e-07,0.44618672132492065,0.6605533361434937,0.004952145740389824,0.3929668962955475,0.597146213054657,-0.0020884587429463863,0.34745505452156067,0.5457518696784973,-0.010324561968445778,0.32156839966773987,0.4974587857723236,-0.022156447172164917,0.34888023138046265,0.6118631362915039,-0.034537315368652344,0.26087525486946106,0.6006783246994019,-0.05177200213074684,0.20967987179756165,0.5993144512176514,-0.06026090309023857,0.16914865374565125,0.6012197136878967,-0.06556379795074463,0.3437434732913971,0.6645706295967102,-0.04651173949241638,0.24891622364521027,0.6582546830177307,-0.06366850435733795,0.192210391163826,0.6611009836196899,-0.07164319604635239,0.1508183777332306,0.6671022176742554,-0.07756788283586502,0.34457215666770935,0.7206449508666992,-0.05582435801625252,0.2561800479888916,0.7202256917953491,-0.06879758834838867,0.2006351798772812,0.724987268447876,-0.07388783991336823,0.1595691293478012,0.7307952046394348,-0.07788041979074478,0.35019925236701965,0.7747528553009033,-0.06355194747447968,0.27682751417160034,0.7734983563423157,-0.07590340077877045,0.23333629965782166,0.7738802433013916,-0.0794103667140007,0.1974743902683258,0.7733878493309021,-0.08084467053413391,Left
0.48025673627853394,0.7458601593971252,1.1563393798041943e-07,0.4458588659763336,0.6584380269050598,0.005939058028161526,0.3926908075809479,0.5961126089096069,0.0005566596519201994,0.34699708223342896,0.5455581545829773,-0.006177468691021204,0.32149675488471985,0.49848467111587524,-0.016131285578012466,0.3476116359233856,0.6118224859237671,-0.027932442724704742,0.26303160190582275,0.6024571061134338,-0.042609214782714844,0.21406960487365723,0.6013382077217102,-0.050173476338386536,0.17488503456115723,0.6020951271057129,-0.05503419041633606,0.3417249619960785,0.6640027761459351,-0.039256058633327484,0.2495495080947876,0.663088321685791,-0.05345422029495239,0.1948540210723877,0.66885906457901,-0.06043180078268051,0.15482135117053986,0.6741975545883179,-0.06596843898296356,0.34221065044403076,0.7207108736038208,-0.048085469752550125,0.2561863362789154,0.7225643396377563,-0.05898546054959297,0.2046450972557068,0.7281489968299866,-0.06280658394098282,0.16783934831619263,0.733211100101471,-0.06594483554363251,0.3478676974773407,0.7753620147705078,-0.05543820559978485,0.27585694193840027,0.7735366225242615,-0.06531420350074768,0.23496054112911224,0.7739620804786682,-0.06699372828006744,0.20214252173900604,0.7733116149902344,-0.06715837866067886,Left
0.4808483123779297,0.7452611327171326,1.2958165029886004e-07,0.4465125799179077,0.6572223901748657,0.0062385015189647675,0.3923444449901581,0.594684362411499,0.0011925679864361882,0.34614014625549316,0.5439954400062561,-0.0053901211358606815,0.3214107155799866,0.49688032269477844,-0.015283526852726936,0.3488066494464874,0.6115621328353882,-0.02796652913093567,0.26444587111473083,0.6027423143386841,-0.04271814227104187,0.21540100872516632,0.6022065281867981,-0.05018200725317001,0.17637866735458374,0.603397011756897,-0.05499262362718582,0.3423222303390503,0.6641047596931458,-0.03941076248884201,0.2509261965751648,0.66374272108078,-0.05390549078583717,0.19650793075561523,0.668988049030304,-0.061188410967588425,0.15688256919384003,0.6741155982017517,-0.06677454710006714,0.3426438271999359,0.7206070423126221,-0.04830649122595787,0.25773724913597107,0.7244278788566589,-0.05936458334326744,0.205363467335701,0.7300511002540588,-0.06391493231058121,0.16750696301460266,0.7349039912223816,-0.06758866459131241,0.34853145480155945,0.7750565409660339,-0.055682141333818436,0.27788540720939636,0.7742416858673096,-0.06577056646347046,0.236701101064682,0.7754790782928467,-0.06804241240024567,0.20304220914840698,0.7752091884613037,-0.06868386268615723,Left
0.48098355531692505,0.7461011409759521,1.4848696139324602e-07,0.4476388394832611,0.6580342650413513,0.0045246644876897335,0.39320307970046997,0.5951687693595886,-0.0012341819237917662,0.34705010056495667,0.5441727042198181,-0.008201234973967075,0.32212013006210327,0.49678343534469604,-0.018334662541747093,0.34971871972084045,0.6117374897003174,-0.030074238777160645,0.2654687166213989,0.6031135320663452,-0.045498985797166824,0.21583552658557892,0.6022242903709412,-0.05347355082631111,0.17610211670398712,0.603380560874939,-0.0586104653775692,0.3425983190536499,0.6648752093315125,-0.040838588029146194,0.2518344819545746,0.6636350750923157,-0.05576641485095024,0.1967363953590393,0.6679313778877258,-0.0633004829287529,0.1560642570257187,0.6726377606391907,-0.06911409646272659,0.34238114953041077,0.7216752171516418,-0.04914465919137001,0.258147269487381,0.724693238735199,-0.06058367341756821,0.2057822048664093,0.730005145072937,-0.0653563141822815,0.16793422400951385,0.7351926565170288,-0.06913764029741287,0.34783586859703064,0.7763605713844299,-0.05608762800693512,0.2777661085128784,0.7744771242141724,-0.0664559155702591,0.23670004308223724,0.7758623361587524,-0.06889215856790543,0.20340467989444733,0.7763482928276062,-0.06961502134799957,Left
0.47655045986175537,0.7466701865196228,1.3564644518737623e-07,0.4455750286579132,0.6572524905204773,0.004174349829554558,0.39294394850730896,0.5954619646072388,-0.001370033249258995,0.3471173942089081,0.5445694327354431,-0.007755513768643141,0.3216596245765686,0.49806445837020874,-0.017201298847794533,0.34939897060394287,0.6133570075035095,-0.0301960539072752,0.2644955515861511,0.6060274839401245,-0.044316910207271576,0.21511869132518768,0.6053450107574463,-0.05125195160508156,0.17576904594898224,0.6071656346321106,-0.055901262909173965,0.34176817536354065,0.667163610458374,-0.03987598046660423,0.252573698759079,0.6656181812286377,-0.053820833563804626,0.19868607819080353,0.6698073148727417,-0.06049063801765442,0.15897558629512787,0.6750707626342773,-0.06591358780860901,0.3406193256378174,0.7234801650047302,-0.0471062995493412,0.2575211226940155,0.7269405722618103,-0.057637885212898254,0.20621241629123688,0.7319621443748474,-0.06217994913458824,0.16875141859054565,0.7368339896202087,-0.0661332979798317,0.3446997106075287,0.7759954929351807,-0.05296613648533821,0.2758193016052246,0.77720046043396,-0.06308124214410782,0.23508214950561523,0.7790749073028564,-0.06606622040271759,0.20179572701454163,0.778618335723877,-0.06738881021738052,Left
0.47610408067703247,0.7450056076049805,1.4230863598641008e-07,0.44503962993621826,0.6553593277931213,0.004472043365240097,0.39327138662338257,0.5947620868682861,-0.0006984248757362366,0.34709906578063965,0.5448709726333618,-0.0067340959794819355,0.32180681824684143,0.49909377098083496,-0.01579601876437664,0.34985682368278503,0.612734317779541,-0.029027869924902916,0.26545536518096924,0.6052024364471436,-0.04296005889773369,0.21600982546806335,0.6043602824211121,-0.04985758662223816,0.17648255825042725,0.6059365272521973,-0.05448471009731293,0.34170225262641907,0.6668811440467834,-0.038651980459690094,0.25297999382019043,0.665678858757019,-0.05263112857937813,0.19898571074008942,0.6700990200042725,-0.05940467119216919,0.15934103727340698,0.6750408411026001,-0.06474197655916214,0.34026971459388733,0.7236045598983765,-0.0458400659263134,0.2575134336948395,0.7275187969207764,-0.056440263986587524,0.206028014421463,0.7327238321304321,-0.06100780516862869,0.1684446483850479,0.7374224662780762,-0.06480732560157776,0.34453263878822327,0.7759706974029541,-0.051638100296258926,0.2756868600845337,0.7768979668617249,-0.06190958991646767,0.23490920662879944,0.778950572013855,-0.0649648904800415,0.20127271115779877,0.7784496545791626,-0.06616928428411484,Left
0.47574877738952637,0.7448098659515381,1.4660029989954637e-07,0.44462594389915466,0.6551072597503662,0.004711478482931852,0.39283323287963867,0.5945805311203003,-0.0002372750168433413,0.34686705470085144,0.5451241135597229,-0.00614639138802886,0.32205238938331604,0.4996417760848999,-0.015149936079978943,0.3495713472366333,0.6126832962036133,-0.028724556788802147,0.2655563950538635,0.6049714684486389,-0.04263683781027794,0.21612951159477234,0.6040546894073486,-0.04955895617604256,0.1765851229429245,0.6055961847305298,-0.054198481142520905,0.3414953351020813,0.6665142178535461,-0.03855559229850769,0.2531210780143738,0.665377676486969,-0.05238768085837364,0.19910156726837158,0.6700626015663147,-0.059084393084049225,0.1593574732542038,0.6752274036407471,-0.06433694809675217,0.3401327431201935,0.7232112288475037,-0.04594806954264641,0.2574929893016815,0.7270122170448303,-0.05650396645069122,0.20603924989700317,0.7325461506843567,-0.060976263135671616,0.16840225458145142,0.7375805974006653,-0.06465102732181549,0.344620019197464,0.7760443687438965,-0.05194202437996864,0.2755577564239502,0.7768137454986572,-0.062246862798929214,0.2347748875617981,0.7791922688484192,-0.06514284014701843,0.20112532377243042,0.7792002558708191,-0.06616955250501633,Left
0.4755190312862396,0.7400374412536621,1.3789893671400932e-07,0.44317731261253357,0.6553258299827576,0.0037621373776346445,0.3907836973667145,0.5940752625465393,-0.0021921824663877487,0.34607574343681335,0.5471289157867432,-0.00902559608221054,0.32042133808135986,0.5040716528892517,-0.01902003213763237,0.3474755585193634,0.6115661263465881,-0.03148617222905159,0.2626512348651886,0.605652391910553,-0.04665498435497284,0.2131417691707611,0.6055089831352234,-0.05410093069076538,0.17347994446754456,0.6077239513397217,-0.05885033309459686,0.34240829944610596,0.6644021272659302,-0.04173571988940239,0.2525275945663452,0.6674417853355408,-0.05653911083936691,0.1984780728816986,0.6736459732055664,-0.06344655901193619,0.15821953117847443,0.6802062392234802,-0.0688897967338562,0.34303951263427734,0.7205888032913208,-0.049627985805273056,0.2585749626159668,0.7280524969100952,-0.06135230511426926,0.20654386281967163,0.7353742718696594,-0.06589215248823166,0.16856339573860168,0.7417983412742615,-0.06939398497343063,0.34814000129699707,0.7740921378135681,-0.05614786967635155,0.27629077434539795,0.7780412435531616,-0.0674167349934578,0.23461194336414337,0.7814297080039978,-0.07039983570575714,0.20090939104557037,0.7829084396362305,-0.07135391980409622,Left
0.47588568925857544,0.7402209043502808,1.3989647129619698e-07,0.4431194067001343,0.6540970802307129,0.004881770815700293,0.3900914490222931,0.5934469699859619,-0.00038483020034618676,0.3445158004760742,0.5463821887969971,-0.0066658202558755875,0.3198310136795044,0.5025391578674316,-0.016105113551020622,0.34756532311439514,0.6123757362365723,-0.030033569782972336,0.2631710469722748,0.6063703298568726,-0.044417403638362885,0.21446692943572998,0.6059473156929016,-0.051267314702272415,0.17529504001140594,0.6072824597358704,-0.05567615479230881,0.3421865999698639,0.6651211977005005,-0.04041591286659241,0.2528485357761383,0.666876494884491,-0.054636150598526,0.1985676884651184,0.6725071668624878,-0.06125699356198311,0.1579785943031311,0.6783565282821655,-0.06649327278137207,0.3428575098514557,0.7209139466285706,-0.048293303698301315,0.25940603017807007,0.7278040647506714,-0.05942344665527344,0.20788781344890594,0.7345603704452515,-0.0636819452047348,0.17021267116069794,0.7403791546821594,-0.06700155138969421,0.34835296869277954,0.7738505601882935,-0.0547112338244915,0.27734440565109253,0.7778866291046143,-0.06531017273664474,0.23592771589756012,0.7808571457862854,-0.067929707467556,0.20203383266925812,0.7816393375396729,-0.06869412958621979,Left
0.4763418436050415,0.7400961518287659,1.4322178287784482e-07,0.443359911441803,0.6538860201835632,0.005224593449383974,0.38985443115234375,0.5936213135719299,0.00013923237565904856,0.34428033232688904,0.5464037656784058,-0.006027120165526867,0.31963247060775757,0.5027819871902466,-0.01536833867430687,0.34800684452056885,0.612140417098999,-0.030006390064954758,0.263600617647171,0.6065464615821838,-0.04444403201341629,0.2146846055984497,0.6060120463371277,-0.05131296440958977,0.17528755962848663,0.607313334941864,-0.05574220418930054,0.34240496158599854,0.6651483178138733,-0.040553174912929535,0.2533324956893921,0.6670099496841431,-0.054860200732946396,0.19905859231948853,0.6723366379737854,-0.06152978166937828,0.15825912356376648,0.6779763102531433,-0.06677179783582687,0.3428662121295929,0.7211369872093201,-0.04855569824576378,0.25939181447029114,0.7287114858627319,-0.059798091650009155,0.20760440826416016,0.7356909513473511,-0.06424102932214737,0.16955681145191193,0.7416627407073975,-0.06765320152044296,0.34831541776657104,0.7740961909294128,-0.05505673214793205,0.2770487368106842,0.7782904505729675,-0.06579887866973877,0.23548007011413574,0.7816665172576904,-0.06856998801231384,0.20149585604667664,0.7828090190887451,-0.06941590458154678,Left
0.4764551520347595,0.7422714233398438,1.4278731441663695e-07,0.44352641701698303,0.6558102369308472,0.004065360873937607,0.3900567293167114,0.5950528979301453,-0.001291491906158626,0.34532418847084045,0.5471820831298828,-0.007760793436318636,0.3205689787864685,0.5029776096343994,-0.01733635924756527,0.3465883731842041,0.6135855913162231,-0.029705408960580826,0.26360180974006653,0.6082060933113098,-0.04468073323369026,0.2146148979663849,0.6078208684921265,-0.052280403673648834,0.17503248155117035,0.6093626618385315,-0.057340797036886215,0.34011709690093994,0.6660256385803223,-0.040325842797756195,0.25222620368003845,0.6670289635658264,-0.055096764117479324,0.19824962317943573,0.6741598844528198,-0.06213369965553284,0.1582031399011612,0.6817334294319153,-0.06745486706495285,0.3407208025455475,0.7221646308898926,-0.048683393746614456,0.2579289972782135,0.7287397980690002,-0.06035537272691727,0.2060413360595703,0.7360423803329468,-0.06500573456287384,0.16786830127239227,0.7421205043792725,-0.06850114464759827,0.3468865156173706,0.7759284377098083,-0.05576551333069801,0.2766575515270233,0.7791581749916077,-0.06711733341217041,0.2347995936870575,0.7829844951629639,-0.07023388892412186,0.20064224302768707,0.7842361927032471,-0.07124216109514236,Left
0.47705942392349243,0.7421485185623169,1.4739909204308788e-07,0.44421011209487915,0.6556355953216553,0.003522325772792101,0.3907843232154846,0.594974160194397,-0.0019720038399100304,0.34566745162010193,0.5474321842193604,-0.008552263490855694,0.3206908404827118,0.5031307339668274,-0.01818968541920185,0.346530556678772,0.613964319229126,-0.029536111280322075,0.2636622488498688,0.6082474589347839,-0.044501107186079025,0.21480312943458557,0.6075427532196045,-0.05220547318458557,0.17520245909690857,0.6088694930076599,-0.0573870874941349,0.3399278521537781,0.6662683486938477,-0.03990311920642853,0.2525652050971985,0.6669585704803467,-0.05467282980680466,0.1987353414297104,0.6739120483398438,-0.06192755326628685,0.15869401395320892,0.6814445853233337,-0.06746014207601547,0.3405323326587677,0.7221609354019165,-0.04809180647134781,0.2580758035182953,0.7285540103912354,-0.05993092432618141,0.20629346370697021,0.7360602021217346,-0.0648857057094574,0.16820721328258514,0.7425592541694641,-0.06858360767364502,0.3467934727668762,0.7756826877593994,-0.055051300674676895,0.27669885754585266,0.7788646221160889,-0.06667820364236832,0.23486366868019104,0.7828719019889832,-0.07009716331958771,0.20073279738426208,0.7844328880310059,-0.07130406051874161,Left
0.47675275802612305,0.7426198124885559,1.4508711387861695e-07,0.44406238198280334,0.6559677720069885,0.004119581077247858,0.39039847254753113,0.5951712727546692,-0.0009776171064004302,0.3453179597854614,0.5473591685295105,-0.007279981393367052,0.3206292688846588,0.5029861927032471,-0.016687117516994476,0.34620949625968933,0.6139615178108215,-0.02877482771873474,0.263516366481781,0.6082038879394531,-0.04337655007839203,0.21470892429351807,0.6076427698135376,-0.05081119015812874,0.175270214676857,0.6090119481086731,-0.05584469437599182,0.3396376967430115,0.6658938527107239,-0.039325449615716934,0.25226306915283203,0.6665838956832886,-0.05371612310409546,0.19859401881694794,0.6733623147010803,-0.060756321996450424,0.15881705284118652,0.6807261109352112,-0.06618709117174149,0.34026601910591125,0.7215975522994995,-0.04766290634870529,0.2576639652252197,0.728065550327301,-0.059244852513074875,0.20609469711780548,0.7357931733131409,-0.0641164630651474,0.16817831993103027,0.7425859570503235,-0.06781525909900665,0.3465685546398163,0.7753187417984009,-0.054717522114515305,0.2765492796897888,0.7788207530975342,-0.06620288640260696,0.23477059602737427,0.7830129861831665,-0.06960929185152054,0.200569286942482,0.7847608327865601,-0.070862777531147,Left
0.47636663913726807,0.7406376600265503,1.5174757095337554e-07,0.44374412298202515,0.6540871858596802,0.003474404802545905,0.38911840319633484,0.5937881469726562,-0.0016806409694254398,0.34327343106269836,0.5454709529876709,-0.007493859622627497,0.3194980323314667,0.5018508434295654,-0.01618296280503273,0.34669172763824463,0.6120611429214478,-0.030398884788155556,0.26351165771484375,0.6072183847427368,-0.04446389526128769,0.2147117555141449,0.607287585735321,-0.05130434408783913,0.17548303306102753,0.609891414642334,-0.0559336394071579,0.3392472565174103,0.6661868691444397,-0.03964781016111374,0.25172823667526245,0.6675391793251038,-0.054147545248270035,0.19805912673473358,0.6740002036094666,-0.0609988272190094,0.15853212773799896,0.6815896034240723,-0.06631138920783997,0.33806607127189636,0.7229594588279724,-0.0465218722820282,0.2560274600982666,0.7294057607650757,-0.057900503277778625,0.2042524516582489,0.7365877628326416,-0.0631934180855751,0.16666120290756226,0.7435751557350159,-0.06727547943592072,0.3421059846878052,0.7760164141654968,-0.05203956365585327,0.27290797233581543,0.7795034646987915,-0.06289510428905487,0.23217441141605377,0.7840989232063293,-0.06650237739086151,0.19953769445419312,0.7862144708633423,-0.06803073734045029,Left
0.4758443236351013,0.7410299181938171,1.6403804181663872e-07,0.4437301754951477,0.6538341641426086,0.0030877927783876657,0.3886619508266449,0.5942518711090088,-0.001983216730877757,0.3424762189388275,0.5462849140167236,-0.007580634672194719,0.31968551874160767,0.5020930767059326,-0.016025491058826447,0.34706100821495056,0.6132839918136597,-0.030881011858582497,0.2640688121318817,0.6079362630844116,-0.04487825185060501,0.21513144671916962,0.6073001027107239,-0.05160069093108177,0.17585553228855133,0.6091049313545227,-0.05621016398072243,0.33929967880249023,0.6672805547714233,-0.03975752368569374,0.25204530358314514,0.667385995388031,-0.05419781804084778,0.19829849898815155,0.6727705597877502,-0.06099037453532219,0.15846887230873108,0.6795332431793213,-0.06629323214292526,0.3379417657852173,0.7235261797904968,-0.046226389706134796,0.25610387325286865,0.7293736338615417,-0.05760028585791588,0.20440584421157837,0.7363304495811462,-0.06298628449440002,0.16683906316757202,0.7435159683227539,-0.06714288890361786,0.34188807010650635,0.775880753993988,-0.051367972046136856,0.2734307050704956,0.7795291543006897,-0.062214575707912445,0.23282289505004883,0.7839549779891968,-0.06602264195680618,0.20004890859127045,0.7858526110649109,-0.06775990128517151,Left
0.47556912899017334,0.7406913638114929,1.7217548986536713e-07,0.44373953342437744,0.6539708971977234,0.001904873875901103,0.3889082968235016,0.5945902466773987,-0.003805548185482621,0.3425764739513397,0.5468567609786987,-0.009889029897749424,0.3197922110557556,0.501812756061554,-0.018762193620204926,0.3470810055732727,0.6134378910064697,-0.031584352254867554,0.26423513889312744,0.6080217361450195,-0.0459933839738369,0.21525554358959198,0.6072607040405273,-0.05312300845980644,0.17585065960884094,0.609054446220398,-0.05799519270658493,0.3394128382205963,0.6672019362449646,-0.04009947553277016,0.25218868255615234,0.6676529049873352,-0.05470627546310425,0.19825345277786255,0.6733423471450806,-0.06167511269450188,0.1581830382347107,0.6804879903793335,-0.0671243816614151,0.3381437659263611,0.7232836484909058,-0.04636126384139061,0.2565188407897949,0.7290974259376526,-0.05788834020495415,0.20465697348117828,0.7362951040267944,-0.06346506625413895,0.16684958338737488,0.7437913417816162,-0.06776417046785355,0.34203168749809265,0.7756081819534302,-0.051427025347948074,0.2738591730594635,0.7792659997940063,-0.062465596944093704,0.23326672613620758,0.7838417291641235,-0.06648369878530502,0.2004641741514206,0.7859945297241211,-0.06836357712745667,Left
0.47698426246643066,0.73968905210495,1.5138624576138682e-07,0.4446687400341034,0.6520794034004211,0.0047689019702374935,0.3898903727531433,0.5936719179153442,-0.0006190321291796863,0.3431326746940613,0.5455598831176758,-0.006820826791226864,0.3199089467525482,0.4988502860069275,-0.016355041414499283,0.3485642671585083,0.6138785481452942,-0.032270677387714386,0.26385292410850525,0.6085172891616821,-0.04729349538683891,0.2142288237810135,0.6084122657775879,-0.05438949540257454,0.17478309571743011,0.6103929281234741,-0.059112682938575745,0.3420841097831726,0.6667173504829407,-0.04257429018616676,0.2519974708557129,0.6671139597892761,-0.05775592848658562,0.19813810288906097,0.6728858947753906,-0.06454622000455856,0.1586015671491623,0.6789342164993286,-0.06975093483924866,0.34243693947792053,0.722864031791687,-0.050199348479509354,0.2570091485977173,0.72980797290802,-0.062142033129930496,0.20477096736431122,0.737330973148346,-0.06711211800575256,0.1667650043964386,0.7442388534545898,-0.07087329030036926,0.3487109839916229,0.7757778763771057,-0.056254804134368896,0.2766653299331665,0.7795369625091553,-0.0679701715707779,0.23455926775932312,0.7837129235267639,-0.07173797488212585,0.20008401572704315,0.7856248021125793,-0.07330735772848129,Left
0.4766932725906372,0.7407031059265137,1.4757350186300755e-07,0.44427210092544556,0.6528160572052002,0.005850238259881735,0.38958191871643066,0.5937649607658386,0.0010082799708470702,0.3433002531528473,0.5456159114837646,-0.004857711028307676,0.3197631537914276,0.5003072023391724,-0.014112996868789196,0.348095178604126,0.6135433316230774,-0.03156411275267601,0.26280295848846436,0.608146607875824,-0.04617463797330856,0.21314112842082977,0.6077970266342163,-0.052876006811857224,0.17373372614383698,0.6093767881393433,-0.05729229375720024,0.34172528982162476,0.6665785312652588,-0.0423029325902462,0.251485139131546,0.6670069098472595,-0.05704410746693611,0.19763687252998352,0.6726213097572327,-0.063510961830616,0.1582694798707962,0.6783838868141174,-0.06849008798599243,0.3422309458255768,0.7227030396461487,-0.05025041848421097,0.25662827491760254,0.7297968864440918,-0.061785273253917694,0.20446190237998962,0.7372525930404663,-0.06646610796451569,0.1665787249803543,0.7438352108001709,-0.07007114589214325,0.3487634062767029,0.7755423784255981,-0.0565498061478138,0.276478111743927,0.7792084813117981,-0.06797166168689728,0.23448702692985535,0.7834356427192688,-0.0714072659611702,0.20031654834747314,0.7854607105255127,-0.07273846864700317,Left
0.47727838158607483,0.7413015365600586,1.3201747606217396e-07,0.4444103538990021,0.653330385684967,0.006640604231506586,0.3897989094257355,0.5939762592315674,0.0023276337888091803,0.34355464577674866,0.5456115007400513,-0.0032164226286113262,0.3194795250892639,0.5008041858673096,-0.012034494429826736,0.34799420833587646,0.6129873991012573,-0.02920248545706272,0.2633444368839264,0.6084536910057068,-0.04310646280646324,0.21411316096782684,0.6086387038230896,-0.04946339130401611,0.17498651146888733,0.6103415489196777,-0.053698550909757614,0.3412519693374634,0.6661701202392578,-0.04016866162419319,0.25160837173461914,0.6675839424133301,-0.05443336442112923,0.19810746610164642,0.6737961173057556,-0.06067975237965584,0.15934628248214722,0.6798486113548279,-0.06543246656656265,0.34136369824409485,0.7225401997566223,-0.04839411377906799,0.25623467564582825,0.7299959063529968,-0.059465814381837845,0.20439548790454865,0.7375619411468506,-0.06374670565128326,0.16675008833408356,0.7437433004379272,-0.06706313788890839,0.3475891351699829,0.7755199074745178,-0.05496028810739517,0.2756713032722473,0.7793606519699097,-0.06589961796998978,0.23392288386821747,0.7835474014282227,-0.06891972571611404,0.19994112849235535,0.7852903604507446,-0.06991516053676605,Left
0.47567296028137207,0.7425995469093323,1.5270330777639174e-07,0.44302308559417725,0.6546159982681274,0.004528691526502371,0.38917243480682373,0.5949751138687134,-0.000772186613176018,0.3435237407684326,0.5473008155822754,-0.007173184771090746,0.31898316740989685,0.503482460975647,-0.016632765531539917,0.3468187153339386,0.6139061450958252,-0.030362358316779137,0.2617272436618805,0.6080751419067383,-0.04519752040505409,0.2116125524044037,0.6079925298690796,-0.05242447182536125,0.17178276181221008,0.6105054616928101,-0.0571737103164196,0.3394155204296112,0.6679234504699707,-0.040770724415779114,0.2505612373352051,0.6680113077163696,-0.05551515519618988,0.19637078046798706,0.6746251583099365,-0.062297336757183075,0.1564263105392456,0.6820397973060608,-0.067472442984581,0.3388879895210266,0.7248262166976929,-0.048731010407209396,0.2551999092102051,0.7302871346473694,-0.06001069396734238,0.2030971199274063,0.7377580404281616,-0.0645475685596466,0.1647840440273285,0.7446439266204834,-0.0681949257850647,0.3440949618816376,0.778408408164978,-0.055332817137241364,0.27482545375823975,0.7815478444099426,-0.06634954363107681,0.2333381026983261,0.7859141826629639,-0.06959521025419235,0.19945849478244781,0.7881238460540771,-0.07082314044237137,Left
0.4754440188407898,0.7432516813278198,1.502527737784476e-07,0.4421870708465576,0.6543990969657898,0.005426583345979452,0.38833436369895935,0.5949229598045349,0.00036846892908215523,0.3423629701137543,0.546726405620575,-0.005872541107237339,0.3181453049182892,0.5018079280853271,-0.015265104360878468,0.34753185510635376,0.6148045063018799,-0.0297788567841053,0.2621285915374756,0.6082534790039062,-0.04415813460946083,0.21219363808631897,0.6079846024513245,-0.05101079121232033,0.17235498130321503,0.6098605394363403,-0.05557693541049957,0.34069618582725525,0.6685328483581543,-0.040401674807071686,0.2513425350189209,0.667769193649292,-0.05482220649719238,0.19656075537204742,0.6735966205596924,-0.0615486279129982,0.15613135695457458,0.6801576614379883,-0.0668235793709755,0.3406050503253937,0.7249616980552673,-0.048431381583213806,0.25665733218193054,0.7304837107658386,-0.05947459861636162,0.20421871542930603,0.7376956343650818,-0.0640198215842247,0.16580542922019958,0.7443768978118896,-0.06775358319282532,0.34605106711387634,0.7779273986816406,-0.054965365678071976,0.27623996138572693,0.7817996144294739,-0.0657615214586258,0.23434382677078247,0.7857674956321716,-0.0689677968621254,0.19980089366436005,0.7871988415718079,-0.07027314603328705,Left
0.4753032326698303,0.7434487342834473,1.4786918711706676e-07,0.44249236583709717,0.6543094515800476,0.004970397334545851,0.38895007967948914,0.594629168510437,-0.00028627683059312403,0.3429059386253357,0.5466777086257935,-0.006662050727754831,0.31813308596611023,0.5019060969352722,-0.016141260042786598,0.34753096103668213,0.6146340370178223,-0.029892176389694214,0.2621421813964844,0.6081936359405518,-0.0443849191069603,0.21216946840286255,0.6080808043479919,-0.051305193454027176,0.17235787212848663,0.6102380752563477,-0.05591560900211334,0.34053707122802734,0.6685562133789062,-0.04038781300187111,0.2512814998626709,0.668123722076416,-0.05498029291629791,0.19666145741939545,0.674199104309082,-0.06175161525607109,0.15635229647159576,0.680928111076355,-0.06700979173183441,0.3403457701206207,0.7252097129821777,-0.04837007448077202,0.25634732842445374,0.7306275367736816,-0.05959411710500717,0.20405569672584534,0.7377471923828125,-0.06409100443124771,0.16563010215759277,0.7441424131393433,-0.06775504350662231,0.3457273244857788,0.7781999111175537,-0.05490272119641304,0.2759380638599396,0.7818639278411865,-0.06591488420963287,0.2340848445892334,0.78574538230896,-0.06918158382177353,0.19961555302143097,0.7870237827301025,-0.07047499716281891,Left
0.4782998561859131,0.7448723316192627,1.5172665257523477e-07,0.4451944828033447,0.6571999192237854,0.004479842260479927,0.3903450071811676,0.5963329076766968,-0.0007834949064999819,0.34401804208755493,0.5475901365280151,-0.007191966287791729,0.3199930787086487,0.5011023283004761,-0.016824834048748016,0.3473784625530243,0.6145524978637695,-0.029970921576023102,0.2624661326408386,0.6073364019393921,-0.04471203312277794,0.21230120956897736,0.6064323782920837,-0.05196613073348999,0.1719701886177063,0.6077972054481506,-0.056845247745513916,0.3408947288990021,0.6684118509292603,-0.0407414548099041,0.25190266966819763,0.6676175594329834,-0.05558241158723831,0.19655761122703552,0.6734706163406372,-0.06263530254364014,0.1557399481534958,0.6802191138267517,-0.0680658370256424,0.34142762422561646,0.7252132892608643,-0.04916226118803024,0.257148802280426,0.7294062972068787,-0.061169032007455826,0.20437149703502655,0.7364234924316406,-0.06637761741876602,0.16639798879623413,0.7430726885795593,-0.07019438594579697,0.3474729657173157,0.7788044810295105,-0.05617530271410942,0.2750064432621002,0.7818747162818909,-0.06800395995378494,0.2324475198984146,0.785459578037262,-0.07172069698572159,0.19840490818023682,0.786820113658905,-0.07312352955341339,Left
